Name,URL,Image_URL,Original_Price(INR),Discount_Price(INR)
Nike,https://www.nike.in/nike-air-jordan-1-retro-low-og/p/24821904,https://adn-static1.nykaa.com/nykdesignstudio-images/pub/media/catalog/product/e/9/e9a821bNike-IF4391-100_1.jpg?rnd=20200526195200&tr=w-512,14995,14995
Nike Pegasus 41,https://www.nike.in/nike-pegasus-41-men-s-road-running-shoes/p/24789637,https://adn-static1.nykaa.com/nykdesignstudio-images/pub/media/catalog/product/5/3/5324c8eNike-FD2722-016_1.jpg?rnd=20200526195200&tr=w-512,8922,11895
Nike Pegasus 41,https://www.nike.in/nike-pegasus-41-men-s-road-running-shoes/p/24815172,https://adn-static1.nykaa.com/nykdesignstudio-images/pub/media/catalog/product/5/3/5324c8eNike-FD2722-118_1.jpg?rnd=20200526195200&tr=w-512,8922,11895
Nike Pegasus 41,https://www.nike.in/nike-pegasus-41-men-s-road-running-shoes/p/24935600,https://adn-static1.nykaa.com/nykdesignstudio-images/pub/media/catalog/product/5/3/5324c8eNike-FD2722-120_1.jpg?rnd=20200526195200&tr=w-512,8922,11895
Nike,https://www.nike.in/nike-air-force-1-07-nn/p/25135848,https://adn-static1.nykaa.com/nykdesignstudio-images/pub/media/catalog/product/b/b/bb0549fNike-IR0817-100_1.jpg?rnd=20200526195200&tr=w-512,11895,11895
Nike Domain 3 Low,https://www.nike.in/nike-react-domain-3-low/p/25163160,https://adn-static1.nykaa.com/nykdesignstudio-images/pub/media/catalog/product/b/0/b0e4965Nike-IR5776-400_1.png?rnd=20200526195200&tr=w-512,13995,13995
Nike Air Force 1 '07,https://www.nike.in/nike-air-force-1-07-men-s-shoes/p/24948346,https://adn-static1.nykaa.com/nykdesignstudio-images/pub/media/catalog/product/5/3/5324c8eNike-CW2288-111_1.jpg?rnd=20200526195200&tr=w-512,7495,7495
Nike Structure 26,https://www.nike.in/nike-structure-26-men-s-road-running-shoes/p/24926273,https://adn-static1.nykaa.com/nykdesignstudio-images/pub/media/catalog/product/5/3/5324c8eNike-HJ1102-106_1.jpg?rnd=20200526195200&tr=w-512,11895,11895
Nike Journey Run,https://www.nike.in/nike-journey-run-men-s-road-running-shoes/p/24789614,https://adn-static1.nykaa.com/nykdesignstudio-images/pub/media/catalog/product/5/3/5324c8eNike-FN0228-001_1.jpg?rnd=20200526195200&tr=w-512,8495,8495
Air Jordan 1 Mid,https://www.nike.in/nike-air-jordan-1-mid-shoes/p/24800700,https://adn-static1.nykaa.com/nykdesignstudio-images/pub/media/catalog/product/5/3/5324c8eNike-554724-069_1.jpg?rnd=20200526195200&tr=w-512,11495,11495
Nike Zoom Vomero 5,https://www.nike.in/nike-zoom-vomero-5-men-s-shoes/p/24789641,https://adn-static1.nykaa.com/nykdesignstudio-images/pub/media/catalog/product/5/3/5324c8eNike-HF1553-006_1.jpg?rnd=20200526195200&tr=w-512,14995,14995
Nike Air Force 1 '07 Texture,https://www.nike.in/nike-air-force-1-07-texture-men-s-shoes/p/24887828,https://adn-static1.nykaa.com/nykdesignstudio-images/pub/media/catalog/product/5/3/5324c8eNike-HF2886-100_1.jpg?rnd=20200526195200&tr=w-512,9695,9695
Nike Air Max Bia,https://www.nike.in/nike-air-max-bia-men-s-shoes/p/24787237,https://adn-static1.nykaa.com/nykdesignstudio-images/pub/media/catalog/product/5/3/5324c8eNike-IO9416-003_1.jpg?rnd=20200526195200&tr=w-512,7995,7995
Nike P-6000,https://www.nike.in/nike-p-6000-men-s-shoes/p/24787241,https://adn-static1.nykaa.com/nykdesignstudio-images/pub/media/catalog/product/5/3/5324c8eNike-IO8711-100_1.jpg?rnd=20200526195200&tr=w-512,9695,9695
Nike Air Max Moto 2K,https://www.nike.in/nike-air-max-moto-2k-men-s-shoes/p/24787242,https://adn-static1.nykaa.com/nykdesignstudio-images/pub/media/catalog/product/5/3/5324c8eNike-IO9279-005_1.jpg?rnd=20200526195200&tr=w-512,11495,11495
Air Force 1 '07 LV8,https://www.nike.in/nike-air-force-1-07-lv8-men-s-shoes/p/24787243,https://adn-static1.nykaa.com/nykdesignstudio-images/pub/media/catalog/product/5/3/5324c8eNike-IU2363-100_1.jpg?rnd=20200526195200&tr=w-512,10795,10795
Air Jordan 1 Low SE,https://www.nike.in/nike-air-jordan-1-low-se-men-s-shoes/p/24787247,https://adn-static1.nykaa.com/nykdesignstudio-images/pub/media/catalog/product/5/3/5324c8eNike-IQ3460-010_1.jpg?rnd=20200526195200&tr=w-512,12795,12795
Nike Vomero Premium SP,https://www.nike.in/nike-vomero-prm-sp/p/24787255,https://adn-static1.nykaa.com/nykdesignstudio-images/pub/media/catalog/product/3/0/30a2302Nike-IQ0627-001_1.jpg?rnd=20200526195200&tr=w-512,19695,19695
Nike Air Max 95 'Big Bubble',https://www.nike.in/nike-w-air-max-95-big-bubble/p/24787259,https://adn-static1.nykaa.com/nykdesignstudio-images/pub/media/catalog/product/3/0/30a2302Nike-IO9926-001_1.jpg?rnd=20200526195200&tr=w-512,15995,15995
Nike Run Defy,https://www.nike.in/nike-run-defy-men-s-road-running-shoes/p/24789609,https://adn-static1.nykaa.com/nykdesignstudio-images/pub/media/catalog/product/5/3/5324c8eNike-HM9594-001_1.jpg?rnd=20200526195200&tr=w-512,3995,3995
Nike Court Shot,https://www.nike.in/nike-court-shot-men-s-shoes/p/24789610,https://adn-static1.nykaa.com/nykdesignstudio-images/pub/media/catalog/product/5/3/5324c8eNike-FQ8146-003_1.jpg?rnd=20200526195200&tr=w-512,6295,6295
LeBron Witness IX EP,https://www.nike.in/nike-lebron-witness-ix-ep-basketball-shoes/p/24789613,https://adn-static1.nykaa.com/nykdesignstudio-images/pub/media/catalog/product/5/3/5324c8eNike-HQ8035-601_1.jpg?rnd=20200526195200&tr=w-512,8695,8695
Nike Quest 6,https://www.nike.in/nike-quest-6-men-s-road-running-shoes/p/24789616,https://adn-static1.nykaa.com/nykdesignstudio-images/pub/media/catalog/product/5/3/5324c8eNike-FD6033-001_1.jpg?rnd=20200526195200&tr=w-512,7095,7095
Nike Air Max Excee,https://www.nike.in/nike-air-max-excee-men-s-shoes/p/24789617,https://adn-static1.nykaa.com/nykdesignstudio-images/pub/media/catalog/product/5/3/5324c8eNike-FZ5486-101_1.jpg?rnd=20200526195200&tr=w-512,8695,8695
Nike Precision 7,https://www.nike.in/nike-precision-7-men-s-basketball-shoes/p/24789624,https://adn-static1.nykaa.com/nykdesignstudio-images/pub/media/catalog/product/5/3/5324c8eNike-FN4322-101_1.jpg?rnd=20200526195200&tr=w-512,5695,5695
Nike Dunk Low Retro,https://www.nike.in/nike-dunk-low-retro-men-s-shoes/p/24789625,https://adn-static1.nykaa.com/nykdesignstudio-images/pub/media/catalog/product/5/3/5324c8eNike-HF5441-104_1.jpg?rnd=20200526195200&tr=w-512,8295,8295
Nike Air Max Alpha Trainer 6,https://www.nike.in/nike-air-max-alpha-trainer-6-men-s-workout-shoes/p/24789627,https://adn-static1.nykaa.com/nykdesignstudio-images/pub/media/catalog/product/5/3/5324c8eNike-FQ1833-001_1.jpg?rnd=20200526195200&tr=w-512,8495,8495
Nike LD-1000,https://www.nike.in/nike-ld-1000-men-s-shoes/p/24789628,https://adn-static1.nykaa.com/nykdesignstudio-images/pub/media/catalog/product/5/3/5324c8eNike-HJ4687-302_1.jpg?rnd=20200526195200&tr=w-512,8695,8695
Nike Air Max Excee,https://www.nike.in/nike-air-max-excee-men-s-shoes/p/24789633,https://adn-static1.nykaa.com/nykdesignstudio-images/pub/media/catalog/product/5/3/5324c8eNike-FN7304-001_1.jpg?rnd=20200526195200&tr=w-512,8695,8695
Nike Promina,https://www.nike.in/nike-promina-men-s-walking-shoes/p/24789635,https://adn-static1.nykaa.com/nykdesignstudio-images/pub/media/catalog/product/5/3/5324c8eNike-FV5285-002_1.jpg?rnd=20200526195200&tr=w-512,4995,4995
Nike Dunk Low Retro Premium,https://www.nike.in/nike-dunk-low-retro-premium-men-s-shoes/p/24789638,https://adn-static1.nykaa.com/nykdesignstudio-images/pub/media/catalog/product/5/3/5324c8eNike-IB7746-200_1.jpg?rnd=20200526195200&tr=w-512,10795,10795
Nike Dunk Low Retro SE,https://www.nike.in/nike-dunk-low-retro-se-men-s-shoes/p/24789639,https://adn-static1.nykaa.com/nykdesignstudio-images/pub/media/catalog/product/5/3/5324c8eNike-IB6651-200_1.jpg?rnd=20200526195200&tr=w-512,10795,10795
Nike LD-1000,https://www.nike.in/nike-ld-1000-men-s-shoes/p/24800695,https://adn-static1.nykaa.com/nykdesignstudio-images/pub/media/catalog/product/5/3/5324c8eNike-HJ4687-202_1.jpg?rnd=20200526195200&tr=w-512,8695,8695
Nike SB Vertebrae,https://www.nike.in/nike-sb-vertebrae-men-s-shoes/p/24800697,https://adn-static1.nykaa.com/nykdesignstudio-images/pub/media/catalog/product/5/3/5324c8eNike-FD4691-202_1.jpg?rnd=20200526195200&tr=w-512,7495,7495
Nike Air Force 1 '07,https://www.nike.in/nike-air-force-1-07-shoes/p/24800698,https://adn-static1.nykaa.com/nykdesignstudio-images/pub/media/catalog/product/5/3/5324c8eNike-FQ6848-101_1.jpg?rnd=20200526195200&tr=w-512,10795,10795
Air Jordan 1 Low,https://www.nike.in/nike-air-jordan-1-low-men-s-shoes/p/24800699,https://adn-static1.nykaa.com/nykdesignstudio-images/pub/media/catalog/product/5/3/5324c8eNike-553558-606_1.jpg?rnd=20200526195200&tr=w-512,8995,8995
Jordan Flight Court,https://www.nike.in/nike-jordan-flight-court-men-s-shoes/p/24800702,https://adn-static1.nykaa.com/nykdesignstudio-images/pub/media/catalog/product/5/3/5324c8eNike-HF3255-011_1.jpg?rnd=20200526195200&tr=w-512,8695,8695
Nike Air Max 90,https://www.nike.in/nike-air-max-90-men-s-shoes/p/24800704,https://adn-static1.nykaa.com/nykdesignstudio-images/pub/media/catalog/product/5/3/5324c8eNike-DM0029-020_1.jpg?rnd=20200526195200&tr=w-512,10795,10795
Nike Court Vision Mid Next Nature,https://www.nike.in/nike-court-vision-mid-next-nature-men-s-shoes/p/24800705,https://adn-static1.nykaa.com/nykdesignstudio-images/pub/media/catalog/product/5/3/5324c8eNike-DN3577-001_1.jpg?rnd=20200526195200&tr=w-512,5995,5995
Nike Winflo 11,https://www.nike.in/nike-winflo-11-men-s-road-running-shoes/p/24800706,https://adn-static1.nykaa.com/nykdesignstudio-images/pub/media/catalog/product/5/3/5324c8eNike-FJ9509-111_1.jpg?rnd=20200526195200&tr=w-512,8695,8695
Nike Revolution 8,https://www.nike.in/nike-revolution-8-men-s-road-running-shoes/p/24800707,https://adn-static1.nykaa.com/nykdesignstudio-images/pub/media/catalog/product/5/3/5324c8eNike-HJ9198-105_1.jpg?rnd=20200526195200&tr=w-512,4295,4295
Nike Structure 26,https://www.nike.in/nike-structure-26-men-s-road-running-shoes-extra-wide/p/24800708,https://adn-static1.nykaa.com/nykdesignstudio-images/pub/media/catalog/product/5/3/5324c8eNike-HQ2588-106_1.jpg?rnd=20200526195200&tr=w-512,11895,11895
Nike Court Vision Low,https://www.nike.in/nike-court-vision-low-men-s-shoes/p/24815156,https://adn-static1.nykaa.com/nykdesignstudio-images/pub/media/catalog/product/5/3/5324c8eNike-HM6193-077_1.jpg?rnd=20200526195200&tr=w-512,7095,7095
Nike Precision 8 MID,https://www.nike.in/nike-precision-8-mid-men-s-basketball-shoes/p/24815157,https://adn-static1.nykaa.com/nykdesignstudio-images/pub/media/catalog/product/5/3/5324c8eNike-IH1105-001_1.jpg?rnd=20200526195200&tr=w-512,6295,6295
Nike Metro Tek,https://www.nike.in/nike-metro-tek-men-s-shoes/p/24815158,https://adn-static1.nykaa.com/nykdesignstudio-images/pub/media/catalog/product/5/3/5324c8eNike-HM9493-006_1.jpg?rnd=20200526195200&tr=w-512,6495,6495
Nike Air Max Invigor,https://www.nike.in/nike-air-max-invigor-men-s-shoes/p/24815160,https://adn-static1.nykaa.com/nykdesignstudio-images/pub/media/catalog/product/5/3/5324c8eNike-749680-006_1.jpg?rnd=20200526195200&tr=w-512,7495,7495
Nike Killshot 2,https://www.nike.in/nike-killshot-2-men-s-shoes/p/24815162,https://adn-static1.nykaa.com/nykdesignstudio-images/pub/media/catalog/product/5/3/5324c8eNike-FQ8903-101_1.jpg?rnd=20200526195200&tr=w-512,8595,8595
Nike Air Max Torch 4,https://www.nike.in/nike-air-max-torch-4-men-s-shoes/p/24815173,https://adn-static1.nykaa.com/nykdesignstudio-images/pub/media/catalog/product/5/3/5324c8eNike-343846-411_1.jpg?rnd=20200526195200&tr=w-512,7495,7495
Nike Court Vision Mid Next Nature,https://www.nike.in/nike-court-vision-mid-next-nature-men-s-shoes/p/24815175,https://adn-static1.nykaa.com/nykdesignstudio-images/pub/media/catalog/product/5/3/5324c8eNike-DN3577-700_1.jpg?rnd=20200526195200&tr=w-512,5995,5995
Nike Quest 6,https://www.nike.in/nike-quest-6-men-s-road-running-shoes/p/24815176,https://adn-static1.nykaa.com/nykdesignstudio-images/pub/media/catalog/product/5/3/5324c8eNike-FD6033-110_1.jpg?rnd=20200526195200&tr=w-512,7095,7095
Nike Court Shot,https://www.nike.in/nike-court-shot-men-s-shoes/p/24815177,https://adn-static1.nykaa.com/nykdesignstudio-images/pub/media/catalog/product/5/3/5324c8eNike-FQ8146-109_1.jpg?rnd=20200526195200&tr=w-512,6295,6295
Nike Dunk Low Retro SE Leather/Suede,https://www.nike.in/nike-dunk-low-retro-se-leather-suede-men-s-shoes/p/24815178,https://adn-static1.nykaa.com/nykdesignstudio-images/pub/media/catalog/product/5/3/5324c8eNike-FQ8249-104_1.jpg?rnd=20200526195200&tr=w-512,10795,10795
Nike Run Defy,https://www.nike.in/nike-run-defy-men-s-road-running-shoes/p/24815181,https://adn-static1.nykaa.com/nykdesignstudio-images/pub/media/catalog/product/5/3/5324c8eNike-HM9594-003_1.jpg?rnd=20200526195200&tr=w-512,3995,3995
Nike Initiator,https://www.nike.in/nike-initiator-men-s-shoes/p/24815184,https://adn-static1.nykaa.com/nykdesignstudio-images/pub/media/catalog/product/5/3/5324c8eNike-IQ9788-271_1.jpg?rnd=20200526195200&tr=w-512,7495,7495
Nike C1TY Premium,https://www.nike.in/nike-c1ty-premium-men-s-shoes/p/24820888,https://adn-static1.nykaa.com/nykdesignstudio-images/pub/media/catalog/product/5/3/5324c8eNike-IM4692-200_1.jpg?rnd=20200526195200&tr=w-512,9695,9695
Nike Air Max 95 Big Bubble,https://www.nike.in/nike-air-max-95-big-bubble-men-s-shoes/p/24821906,https://adn-static1.nykaa.com/nykdesignstudio-images/pub/media/catalog/product/9/f/9fe448dNike-IM0695-002_1.jpg?rnd=20200526195200&tr=w-512,17495,17495
Nike Air Max 95 Big Bubble Leather,https://www.nike.in/nike-air-max-95-big-bubble-leather-men-s-shoes/p/24821907,https://adn-static1.nykaa.com/nykdesignstudio-images/pub/media/catalog/product/9/f/9fe448dNike-IM0696-200_1.jpg?rnd=20200526195200&tr=w-512,17495,17495
"Nike Air Max 90 Premium 'Valentine's Day""",https://www.nike.in/nike-air-max-90-premium-men-s-shoes/p/24821916,https://adn-static1.nykaa.com/nykdesignstudio-images/pub/media/catalog/product/9/f/9fe448dNike-IB6606-600_1.jpg?rnd=20200526195200&tr=w-512,12795,12795
Nike Dunk Low Retro SE,https://www.nike.in/nike-dunk-low-retro-se-men-s-shoes/p/24821918,https://adn-static1.nykaa.com/nykdesignstudio-images/pub/media/catalog/product/5/3/5324c8eNike-IB6651-003_1.jpg?rnd=20200526195200&tr=w-512,10795,10795
Nike P-6000 Premium CORDURA,https://www.nike.in/nike-p-6000-premium-corduraar-men-s-shoes/p/24821919,https://adn-static1.nykaa.com/nykdesignstudio-images/pub/media/catalog/product/5/3/5324c8eNike-IH0946-201_1.jpg?rnd=20200526195200&tr=w-512,9695,9695
Nike Winflo 11,https://www.nike.in/nike-winflo-11-men-s-road-running-shoes/p/24834267,https://adn-static1.nykaa.com/nykdesignstudio-images/pub/media/catalog/product/5/3/5324c8eNike-FJ9509-112_1.jpg?rnd=20200526195200&tr=w-512,8695,8695
Nike Journey Run,https://www.nike.in/nike-journey-run-men-s-road-running-shoes/p/24834268,https://adn-static1.nykaa.com/nykdesignstudio-images/pub/media/catalog/product/5/3/5324c8eNike-FN0228-110_1.jpg?rnd=20200526195200&tr=w-512,8495,8495
Nike Zoom Vomero 5,https://www.nike.in/nike-zoom-vomero-5-men-s-shoes/p/24834270,https://adn-static1.nykaa.com/nykdesignstudio-images/pub/media/catalog/product/5/3/5324c8eNike-HF1553-202_1.jpg?rnd=20200526195200&tr=w-512,14995,14995
Nike Pacific,https://www.nike.in/nike-pacific-men-s-shoes/p/24834271,https://adn-static1.nykaa.com/nykdesignstudio-images/pub/media/catalog/product/5/3/5324c8eNike-HQ2052-402_1.jpg?rnd=20200526195200&tr=w-512,6295,6295
Nike Victori One,https://www.nike.in/nike-victori-one-men-s-slides/p/24834296,https://adn-static1.nykaa.com/nykdesignstudio-images/pub/media/catalog/product/5/3/5324c8eNike-CN9675-102_1.jpg?rnd=20200526195200&tr=w-512,2095,2095
Air Jordan 1 Retro High OG,https://www.nike.in/nike-air-jordan-1-retro-high-og-men-s-shoes/p/24835727,https://adn-static1.nykaa.com/nykdesignstudio-images/pub/media/catalog/product/f/f/ff7c9fbNike-DZ5485-003_1.jpg?rnd=20200526195200&tr=w-512,16995,16995
Nike Court Vision Low Next Nature,https://www.nike.in/nike-court-vision-low-next-nature-men-s-shoes/p/24835733,https://adn-static1.nykaa.com/nykdesignstudio-images/pub/media/catalog/product/5/3/5324c8eNike-DH2987-002_1.jpg?rnd=20200526195200&tr=w-512,4995,4995
Nike LD-1000,https://www.nike.in/nike-ld-1000-men-s-shoes/p/24835737,https://adn-static1.nykaa.com/nykdesignstudio-images/pub/media/catalog/product/5/3/5324c8eNike-HJ4687-401_1.jpg?rnd=20200526195200&tr=w-512,8695,8695
Nike SB Zoom Janoski OG+,https://www.nike.in/nike-sb-zoom-janoski-og-skate-shoes/p/24835739,https://adn-static1.nykaa.com/nykdesignstudio-images/pub/media/catalog/product/5/3/5324c8eNike-FD6757-100_1.jpg?rnd=20200526195200&tr=w-512,8595,8595
Nike P-6000,https://www.nike.in/nike-p-6000-shoes/p/24835741,https://adn-static1.nykaa.com/nykdesignstudio-images/pub/media/catalog/product/5/3/5324c8eNike-CD6404-028_1.jpg?rnd=20200526195200&tr=w-512,7995,7995
Nike Court Borough Low Premium,https://www.nike.in/nike-court-borough-low-premium-men-s-shoes/p/24835749,https://adn-static1.nykaa.com/nykdesignstudio-images/pub/media/catalog/product/5/3/5324c8eNike-844881-005_1.jpg?rnd=20200526195200&tr=w-512,6295,6295
Nike Air Max 90,https://www.nike.in/nike-air-max-90-men-s-shoes/p/24835751,https://adn-static1.nykaa.com/nykdesignstudio-images/pub/media/catalog/product/5/3/5324c8eNike-DM0029-120_1.jpg?rnd=20200526195200&tr=w-512,10795,10795
Nike Full Force Low,https://www.nike.in/nike-full-force-low-men-s-shoes/p/24835753,https://adn-static1.nykaa.com/nykdesignstudio-images/pub/media/catalog/product/5/3/5324c8eNike-FB1362-002_1.jpg?rnd=20200526195200&tr=w-512,8495,8495
Nike Ava X,https://www.nike.in/nike-ava-x-men-s-shoes/p/24839875,https://adn-static1.nykaa.com/nykdesignstudio-images/pub/media/catalog/product/5/3/5324c8eNike-HM9697-003_1.jpg?rnd=20200526195200&tr=w-512,10795,10795
Nike Zoom Vomero 5,https://www.nike.in/nike-zoom-vomero-5-men-s-shoes/p/24839878,https://adn-static1.nykaa.com/nykdesignstudio-images/pub/media/catalog/product/5/3/5324c8eNike-IO4555-200_1.jpg?rnd=20200526195200&tr=w-512,14995,14995
Nike LD-1000 LNY,https://www.nike.in/nike-ld-1000-lny-men-s-shoes/p/24839881,https://adn-static1.nykaa.com/nykdesignstudio-images/pub/media/catalog/product/5/3/5324c8eNike-IQ1121-610_1.jpg?rnd=20200526195200&tr=w-512,9695,9695
Nike P-6000 SE,https://www.nike.in/nike-p-6000-se/p/24839882,https://adn-static1.nykaa.com/nykdesignstudio-images/pub/media/catalog/product/5/3/5324c8eNike-IQ6590-002_1.jpg?rnd=20200526195200&tr=w-512,9695,9695
Nike P-6000,https://www.nike.in/nike-p-6000-men-s-shoes/p/24839883,https://adn-static1.nykaa.com/nykdesignstudio-images/pub/media/catalog/product/5/3/5324c8eNike-IQ9390-476_1.jpg?rnd=20200526195200&tr=w-512,9695,9695
Nike Air Max Invigor Print,https://www.nike.in/nike-air-max-invigor-print-men-s-shoe/p/24839892,https://adn-static1.nykaa.com/nykdesignstudio-images/pub/media/catalog/product/5/3/5324c8eNike-749688-010_1.jpg?rnd=20200526195200&tr=w-512,7495,7495
Nike Air Max LTD 3,https://www.nike.in/nike-air-max-ltd-3-men-s-shoes/p/24839893,https://adn-static1.nykaa.com/nykdesignstudio-images/pub/media/catalog/product/5/3/5324c8eNike-CW2649-001_1.jpg?rnd=20200526195200&tr=w-512,10795,10795
Nike Air Max SC,https://www.nike.in/nike-air-max-sc-men-s-shoes/p/24839894,https://adn-static1.nykaa.com/nykdesignstudio-images/pub/media/catalog/product/5/3/5324c8eNike-CW4555-002_1.jpg?rnd=20200526195200&tr=w-512,5995,5995
Nike Full Force Low,https://www.nike.in/nike-full-force-low-men-s-shoes/p/24839895,https://adn-static1.nykaa.com/nykdesignstudio-images/pub/media/catalog/product/5/3/5324c8eNike-FB1362-003_1.jpg?rnd=20200526195200&tr=w-512,8495,8495
Nike Quest 6,https://www.nike.in/nike-quest-6-men-s-road-running-shoes/p/24839896,https://adn-static1.nykaa.com/nykdesignstudio-images/pub/media/catalog/product/5/3/5324c8eNike-FD6033-200_1.jpg?rnd=20200526195200&tr=w-512,7095,7095
Nike Journey Run,https://www.nike.in/nike-journey-run-men-s-road-running-shoes/p/24839897,https://adn-static1.nykaa.com/nykdesignstudio-images/pub/media/catalog/product/5/3/5324c8eNike-FN0228-302_1.jpg?rnd=20200526195200&tr=w-512,8495,8495
Nike Court Shot,https://www.nike.in/nike-court-shot-men-shoes/p/24839898,https://adn-static1.nykaa.com/nykdesignstudio-images/pub/media/catalog/product/5/3/5324c8eNike-FQ8146-202_1.jpg?rnd=20200526195200&tr=w-512,6295,6295
Nike Killshot 2,https://www.nike.in/nike-killshot-2-men-s-shoes/p/24839899,https://adn-static1.nykaa.com/nykdesignstudio-images/pub/media/catalog/product/5/3/5324c8eNike-FQ8903-600_1.jpg?rnd=20200526195200&tr=w-512,8595,8595
Nike C1TY,https://www.nike.in/nike-c1ty-shoes/p/24839900,https://adn-static1.nykaa.com/nykdesignstudio-images/pub/media/catalog/product/5/3/5324c8eNike-FZ3863-105_1.jpg?rnd=20200526195200&tr=w-512,8695,8695
Nike Pacific,https://www.nike.in/nike-pacific-men-s-shoes/p/24839902,https://adn-static1.nykaa.com/nykdesignstudio-images/pub/media/catalog/product/5/3/5324c8eNike-HQ2052-101_1.jpg?rnd=20200526195200&tr=w-512,6295,6295
Nike Downshifter 14,https://www.nike.in/nike-downshifter-14-men-s-road-running-shoe/p/24839905,https://adn-static1.nykaa.com/nykdesignstudio-images/pub/media/catalog/product/5/3/5324c8eNike-IB1895-102_1.jpg?rnd=20200526195200&tr=w-512,4895,4895
Nike C1TY Premium,https://www.nike.in/nike-c1ty-premium-men-s-shoes/p/24839910,https://adn-static1.nykaa.com/nykdesignstudio-images/pub/media/catalog/product/5/3/5324c8eNike-IM4692-300_1.jpg?rnd=20200526195200&tr=w-512,9695,9695
Nike C1TY Premium,https://www.nike.in/nike-c1ty-prm-men-shoes/p/24839911,https://adn-static1.nykaa.com/nykdesignstudio-images/pub/media/catalog/product/5/3/5324c8eNike-IM4692-500_1.jpg?rnd=20200526195200&tr=w-512,9695,9695
Nike Air Trainer Huarache,https://www.nike.in/nike-air-trainer-huarache-men-s-shoes/p/24839912,https://adn-static1.nykaa.com/nykdesignstudio-images/pub/media/catalog/product/5/3/5324c8eNike-IQ0615-600_1.jpg?rnd=20200526195200&tr=w-512,15995,15995
Nike LD-1000,https://www.nike.in/nike-ld-1000-men-s-shoes/p/24839913,https://adn-static1.nykaa.com/nykdesignstudio-images/pub/media/catalog/product/5/3/5324c8eNike-IQ1125-001_1.jpg?rnd=20200526195200&tr=w-512,10295,10295
Nike Air Max Moto 2K,https://www.nike.in/nike-air-max-moto-2k-men-s-shoes/p/24839914,https://adn-static1.nykaa.com/nykdesignstudio-images/pub/media/catalog/product/5/3/5324c8eNike-IQ3410-281_1.jpg?rnd=20200526195200&tr=w-512,12795,12795
Nike Killshot 2 Leather,https://www.nike.in/nike-killshot-2-leather/p/24839915,https://adn-static1.nykaa.com/nykdesignstudio-images/pub/media/catalog/product/5/3/5324c8eNike-IQ9402-133_1.jpg?rnd=20200526195200&tr=w-512,7995,7995
Air Jordan 1 Low,https://www.nike.in/nike-air-jordan-1-low-men-s-shoes/p/24887829,https://adn-static1.nykaa.com/nykdesignstudio-images/pub/media/catalog/product/5/3/5324c8eNike-553558-136_1.jpg?rnd=20200526195200&tr=w-512,8995,8995
Air Jordan 1 Mid,https://www.nike.in/nike-air-jordan-1-mid-shoes/p/24887830,https://adn-static1.nykaa.com/nykdesignstudio-images/pub/media/catalog/product/5/3/5324c8eNike-554724-136_1.jpg?rnd=20200526195200&tr=w-512,11495,11495
Nike Air Max Phoenix,https://www.nike.in/nike-air-max-phoenix-men-s-shoes/p/24887831,https://adn-static1.nykaa.com/nykdesignstudio-images/pub/media/catalog/product/5/3/5324c8eNike-FZ5307-202_1.jpg?rnd=20200526195200&tr=w-512,13995,13995
Nike Air Max 90,https://www.nike.in/nike-air-max-90-men-s-shoes/p/24887832,https://adn-static1.nykaa.com/nykdesignstudio-images/pub/media/catalog/product/5/3/5324c8eNike-DM0029-119_1.jpg?rnd=20200526195200&tr=w-512,10795,10795
Nike Free 2025,https://www.nike.in/nike-free-2025-men-s-workout-shoes/p/24887833,https://adn-static1.nykaa.com/nykdesignstudio-images/pub/media/catalog/product/5/3/5324c8eNike-HF1078-002_1.jpg?rnd=20200526195200&tr=w-512,8695,8695
Nike V5 RNR,https://www.nike.in/nike-v5-rnr-men-s-shoes/p/24887834,https://adn-static1.nykaa.com/nykdesignstudio-images/pub/media/catalog/product/5/3/5324c8eNike-HJ5228-401_1.jpg?rnd=20200526195200&tr=w-512,7995,7995
Nike Initiator,https://www.nike.in/nike-initiator-men-s-shoes/p/24887835,https://adn-static1.nykaa.com/nykdesignstudio-images/pub/media/catalog/product/5/3/5324c8eNike-HJ7683-072_1.jpg?rnd=20200526195200&tr=w-512,8495,8495
Nike Precision 7,https://www.nike.in/nike-precision-7-men-s-basketball-shoes/p/24888841,https://adn-static1.nykaa.com/nykdesignstudio-images/pub/media/catalog/product/5/3/5324c8eNike-FN4322-005_1.jpg?rnd=20200526195200&tr=w-512,5695,5695
Nike P-6000 Suede,https://www.nike.in/nike-p-6000-suede-men-s-shoes/p/24888842,https://adn-static1.nykaa.com/nykdesignstudio-images/pub/media/catalog/product/5/3/5324c8eNike-HF0015-002_1.jpg?rnd=20200526195200&tr=w-512,9695,9695
Nike Blazer Low '77 Vintage,https://www.nike.in/nike-blazer-low-77-vintage-men-s-shoes/p/24888845,https://adn-static1.nykaa.com/nykdesignstudio-images/pub/media/catalog/product/5/3/5324c8eNike-DA6364-001_1.jpg?rnd=20200526195200&tr=w-512,7195,7195
Nike C1TY 'Surplus',https://www.nike.in/nike-c1ty-surplus-shoes/p/24888847,https://adn-static1.nykaa.com/nykdesignstudio-images/pub/media/catalog/product/5/3/5324c8eNike-FZ3863-300_1.jpg?rnd=20200526195200&tr=w-512,8695,8695
Nike Killshot 2,https://www.nike.in/nike-killshot-2-men-s-shoes/p/24888848,https://adn-static1.nykaa.com/nykdesignstudio-images/pub/media/catalog/product/5/3/5324c8eNike-HJ7263-010_1.jpg?rnd=20200526195200&tr=w-512,8595,8595
Nike Killshot 2 Leather Premium,https://www.nike.in/nike-killshot-2-leather-premium-men-s-shoes/p/24889617,https://adn-static1.nykaa.com/nykdesignstudio-images/pub/media/catalog/product/5/3/5324c8eNike-IM8058-652_1.jpg?rnd=20200526195200&tr=w-512,9195,9195
Air Jordan 1 Mid SE,https://www.nike.in/nike-air-jordan-1-mid-se-men-s-shoes/p/24889618,https://adn-static1.nykaa.com/nykdesignstudio-images/pub/media/catalog/product/5/3/5324c8eNike-IB7110-002_1.jpg?rnd=20200526195200&tr=w-512,12295,12295
Nike Killshot 2 Leather,https://www.nike.in/nike-killshot-2-leather-men-s-shoes/p/24889619,https://adn-static1.nykaa.com/nykdesignstudio-images/pub/media/catalog/product/5/3/5324c8eNike-IB4504-237_1.jpg?rnd=20200526195200&tr=w-512,8595,8595
Nike Dunk Low Retro Premium,https://www.nike.in/nike-dunk-low-retro-premium-men-s-shoes/p/24889620,https://adn-static1.nykaa.com/nykdesignstudio-images/pub/media/catalog/product/5/3/5324c8eNike-IB7746-001_1.jpg?rnd=20200526195200&tr=w-512,10795,10795
Air Jordan 1 Mid SE,https://www.nike.in/nike-air-jordan-1-mid-se-men-s-shoes/p/24893252,https://adn-static1.nykaa.com/nykdesignstudio-images/pub/media/catalog/product/5/3/5324c8eNike-IO7449-600_1.jpg?rnd=20200526195200&tr=w-512,12295,12295
Nike Air Max Torch 4,https://www.nike.in/nike-air-max-torch-4-men-s-shoes/p/24926269,https://adn-static1.nykaa.com/nykdesignstudio-images/pub/media/catalog/product/5/3/5324c8eNike-343846-002_1.jpg?rnd=20200526195200&tr=w-512,7495,7495
Nike Air Max Torch 4,https://www.nike.in/nike-air-max-torch-4-men-s-shoes/p/24926270,https://adn-static1.nykaa.com/nykdesignstudio-images/pub/media/catalog/product/5/3/5324c8eNike-343846-012_1.jpg?rnd=20200526195200&tr=w-512,7495,7495
Nike Court Vision Low Next Nature,https://www.nike.in/nike-court-vision-low-next-nature-men-s-shoes/p/24926271,https://adn-static1.nykaa.com/nykdesignstudio-images/pub/media/catalog/product/5/3/5324c8eNike-DH2987-100_1.jpg?rnd=20200526195200&tr=w-512,4995,4995
Nike Court Vision Low Next Nature,https://www.nike.in/nike-court-vision-low-next-nature-men-s-shoes/p/24926272,https://adn-static1.nykaa.com/nykdesignstudio-images/pub/media/catalog/product/5/3/5324c8eNike-DH2987-101_1.jpg?rnd=20200526195200&tr=w-512,4995,4995
Nike Run Defy,https://www.nike.in/nike-run-defy-men-s-road-running-shoes/p/24926275,https://adn-static1.nykaa.com/nykdesignstudio-images/pub/media/catalog/product/5/3/5324c8eNike-HM9594-103_1.jpg?rnd=20200526195200&tr=w-512,3995,3995
Nike Run Defy,https://www.nike.in/nike-run-defy-men-s-road-running-shoes/p/24926276,https://adn-static1.nykaa.com/nykdesignstudio-images/pub/media/catalog/product/5/3/5324c8eNike-HM9594-112_1.jpg?rnd=20200526195200&tr=w-512,3995,3995
Nike Victori One,https://www.nike.in/nike-victori-one-men-s-slides/p/24926285,https://adn-static1.nykaa.com/nykdesignstudio-images/pub/media/catalog/product/5/3/5324c8eNike-CN9675-400_1.jpg?rnd=20200526195200&tr=w-512,2095,2095
Nike Victori One,https://www.nike.in/nike-victori-one-men-s-slides/p/24926288,https://adn-static1.nykaa.com/nykdesignstudio-images/pub/media/catalog/product/2/a/2a47cc1Nike-CN9675-305_2.jpg?rnd=20200526195200&tr=w-512,2095,2095
Nike Air Force 1 Retro 'Valentine's Day',https://www.nike.in/nike-air-force-1-retro/p/24928848,https://adn-static1.nykaa.com/nykdesignstudio-images/pub/media/catalog/product/9/f/9fe448dNike-IB6836-001_1.jpg?rnd=20200526195200&tr=w-512,11895,11895
Nike Air Force 1 Retro 'Valentine's Day',https://www.nike.in/nike-air-force-1-retro/p/24928849,https://adn-static1.nykaa.com/nykdesignstudio-images/pub/media/catalog/product/9/f/9fe448dNike-IB6836-600_1.jpg?rnd=20200526195200&tr=w-512,11895,11895
Nike Downshifter 14,https://www.nike.in/nike-downshifter-14-men-s-road-running-shoe/p/24928857,https://adn-static1.nykaa.com/nykdesignstudio-images/pub/media/catalog/product/5/3/5324c8eNike-IB1895-002_1.jpg?rnd=20200526195200&tr=w-512,4895,4895
Nike Downshifter 14,https://www.nike.in/nike-downshifter-14-men-s-road-running-shoe/p/24928858,https://adn-static1.nykaa.com/nykdesignstudio-images/pub/media/catalog/product/5/3/5324c8eNike-IB1895-100_1.jpg?rnd=20200526195200&tr=w-512,4895,4895
Nike Downshifter 14,https://www.nike.in/nike-downshifter-14-men-s-road-running-shoe/p/24928859,https://adn-static1.nykaa.com/nykdesignstudio-images/pub/media/catalog/product/5/3/5324c8eNike-IB1895-101_1.jpg?rnd=20200526195200&tr=w-512,4895,4895
Nike Downshifter 14,https://www.nike.in/nike-downshifter-14-men-s-road-running-shoe/p/24928860,https://adn-static1.nykaa.com/nykdesignstudio-images/pub/media/catalog/product/5/3/5324c8eNike-IB1895-103_1.jpg?rnd=20200526195200&tr=w-512,4895,4895
Nike Terra Manta Suede,https://www.nike.in/nike-terra-manta-suede-men-s-shoes/p/24928864,https://adn-static1.nykaa.com/nykdesignstudio-images/pub/media/catalog/product/5/3/5324c8eNike-IB7254-201_1.jpg?rnd=20200526195200&tr=w-512,7495,7495
Nike LD-1000 Premium,https://www.nike.in/nike-ld-1000-premium-men-s-shoes/p/24928870,https://adn-static1.nykaa.com/nykdesignstudio-images/pub/media/catalog/product/5/3/5324c8eNike-IM1651-001_1.jpg?rnd=20200526195200&tr=w-512,9695,9695
Nike LD-1000 Premium,https://www.nike.in/nike-ld-1000-premium-men-s-shoes/p/24928871,https://adn-static1.nykaa.com/nykdesignstudio-images/pub/media/catalog/product/5/3/5324c8eNike-IM1651-100_1.jpg?rnd=20200526195200&tr=w-512,9695,9695
Nike LD-1000 Premium,https://www.nike.in/nike-ld-1000-premium-men-s-shoes/p/24928872,https://adn-static1.nykaa.com/nykdesignstudio-images/pub/media/catalog/product/5/3/5324c8eNike-IM1651-200_1.jpg?rnd=20200526195200&tr=w-512,9695,9695
Nike Pacific Leather,https://www.nike.in/nike-pacific-leather-men-s-shoes/p/24928873,https://adn-static1.nykaa.com/nykdesignstudio-images/pub/media/catalog/product/5/3/5324c8eNike-IM4006-100_1.jpg?rnd=20200526195200&tr=w-512,6295,6295
Nike Pacific Leather,https://www.nike.in/nike-pacific-leather-men-s-shoes/p/24928874,https://adn-static1.nykaa.com/nykdesignstudio-images/pub/media/catalog/product/5/3/5324c8eNike-IM4006-200_1.jpg?rnd=20200526195200&tr=w-512,6295,6295
Nike Free 2025,https://www.nike.in/nike-free-2025-men-s-workout-shoes/p/24932930,https://adn-static1.nykaa.com/nykdesignstudio-images/pub/media/catalog/product/5/3/5324c8eNike-HF1078-001_1.jpg?rnd=20200526195200&tr=w-512,8695,8695
Nike Free 2025,https://www.nike.in/nike-free-2025-men-s-workout-shoes/p/24932932,https://adn-static1.nykaa.com/nykdesignstudio-images/pub/media/catalog/product/5/3/5324c8eNike-HF1078-006_1.jpg?rnd=20200526195200&tr=w-512,8695,8695
Nike Free 2025,https://www.nike.in/nike-free-2025-men-s-workout-shoes/p/24932934,https://adn-static1.nykaa.com/nykdesignstudio-images/pub/media/catalog/product/5/3/5324c8eNike-HF1078-102_1.jpg?rnd=20200526195200&tr=w-512,8695,8695
Nike V5 RNR,https://www.nike.in/nike-v5-rnr-men-s-shoes/p/24932936,https://adn-static1.nykaa.com/nykdesignstudio-images/pub/media/catalog/product/5/3/5324c8eNike-HJ5228-004_1.jpg?rnd=20200526195200&tr=w-512,7995,7995
Nike V5 RNR,https://www.nike.in/nike-v5-rnr-men-s-shoes/p/24932940,https://adn-static1.nykaa.com/nykdesignstudio-images/pub/media/catalog/product/5/3/5324c8eNike-HJ5228-101_1.jpg?rnd=20200526195200&tr=w-512,7995,7995
Nike Revolution 8 EasyOn,https://www.nike.in/nike-revolution-8-easyon-men-s-road-running-shoes/p/24932946,https://adn-static1.nykaa.com/nykdesignstudio-images/pub/media/catalog/product/5/3/5324c8eNike-HQ2414-001_1.jpg?rnd=20200526195200&tr=w-512,4295,4295
Nike Revolution 8 EasyOn,https://www.nike.in/nike-revolution-8-easyon-men-s-road-running-shoes/p/24932948,https://adn-static1.nykaa.com/nykdesignstudio-images/pub/media/catalog/product/5/3/5324c8eNike-HQ2414-100_1.jpg?rnd=20200526195200&tr=w-512,4295,4295
Air Jordan 1 Low,https://www.nike.in/nike-air-jordan-1-low-men-s-shoes/p/24933535,https://adn-static1.nykaa.com/nykdesignstudio-images/pub/media/catalog/product/5/3/5324c8eNike-553558-045_1.jpg?rnd=20200526195200&tr=w-512,8995,8995
Jordan Flight Court,https://www.nike.in/nike-jordan-flight-court-men-s-shoes/p/24933536,https://adn-static1.nykaa.com/nykdesignstudio-images/pub/media/catalog/product/5/3/5324c8eNike-HF3255-105_1.jpg?rnd=20200526195200&tr=w-512,8695,8695
Nike Ava X,https://www.nike.in/nike-ava-x-men-shoes/p/24933548,https://adn-static1.nykaa.com/nykdesignstudio-images/pub/media/catalog/product/3/0/30a2302Nike-HM9697-700_1.jpg?rnd=20200526195200&tr=w-512,10795,10795
Nike Air Force 1 '07,https://www.nike.in/nike-air-force-1-07-men-s-shoes/p/24933553,https://adn-static1.nykaa.com/nykdesignstudio-images/pub/media/catalog/product/5/3/5324c8eNike-FD9925-161_1.jpg?rnd=20200526195200&tr=w-512,8695,8695
Air Jordan 1 Low,https://www.nike.in/nike-air-jordan-1-low-men-s-shoes/p/24933556,https://adn-static1.nykaa.com/nykdesignstudio-images/pub/media/catalog/product/5/3/5324c8eNike-553558-093_1.jpg?rnd=20200526195200&tr=w-512,8995,8995
Air Jordan 1 Low,https://www.nike.in/nike-air-jordan-1-low-men-s-shoes/p/24933557,https://adn-static1.nykaa.com/nykdesignstudio-images/pub/media/catalog/product/5/3/5324c8eNike-553558-300_1.jpg?rnd=20200526195200&tr=w-512,8995,8995
Air Jordan 1 Low,https://www.nike.in/nike-air-jordan-1-low-men-s-shoes/p/24933558,https://adn-static1.nykaa.com/nykdesignstudio-images/pub/media/catalog/product/5/3/5324c8eNike-553558-400_1.jpg?rnd=20200526195200&tr=w-512,8995,8995
Jordan Flight Court,https://www.nike.in/nike-jordan-flight-court-men-s-shoes/p/24933564,https://adn-static1.nykaa.com/nykdesignstudio-images/pub/media/catalog/product/5/3/5324c8eNike-HF3255-203_1.jpg?rnd=20200526195200&tr=w-512,8695,8695
Nike Air Max SC,https://www.nike.in/nike-air-max-sc-men-s-shoes/p/24933565,https://adn-static1.nykaa.com/nykdesignstudio-images/pub/media/catalog/product/5/3/5324c8eNike-CW4555-003_1.jpg?rnd=20200526195200&tr=w-512,5995,5995
Nike Air Max SC,https://www.nike.in/nike-air-max-sc-men-s-shoes/p/24933566,https://adn-static1.nykaa.com/nykdesignstudio-images/pub/media/catalog/product/5/3/5324c8eNike-CW4555-102_1.jpg?rnd=20200526195200&tr=w-512,5995,5995
Nike Air Max SC,https://www.nike.in/nike-air-max-sc-men-s-shoes/p/24933567,https://adn-static1.nykaa.com/nykdesignstudio-images/pub/media/catalog/product/5/3/5324c8eNike-CW4555-123_1.jpg?rnd=20200526195200&tr=w-512,5995,5995
Nike Court Vision Mid Next Nature,https://www.nike.in/nike-court-vision-mid-next-nature-men-s-shoes/p/24933568,https://adn-static1.nykaa.com/nykdesignstudio-images/pub/media/catalog/product/5/3/5324c8eNike-DN3577-100_1.jpg?rnd=20200526195200&tr=w-512,5995,5995
Nike Court Vision Mid Next Nature,https://www.nike.in/nike-court-vision-mid-next-nature-men-s-shoes/p/24933569,https://adn-static1.nykaa.com/nykdesignstudio-images/pub/media/catalog/product/5/3/5324c8eNike-DN3577-101_1.jpg?rnd=20200526195200&tr=w-512,5995,5995
Nike Free Metcon 6,https://www.nike.in/nike-free-metcon-6-men-s-workout-shoes/p/24933573,https://adn-static1.nykaa.com/nykdesignstudio-images/pub/media/catalog/product/5/3/5324c8eNike-FJ7127-202_1.jpg?rnd=20200526195200&tr=w-512,10795,10795
Nike Air Max Alpha Trainer 6,https://www.nike.in/nike-air-max-alpha-trainer-6-men-s-workout-shoes/p/24933574,https://adn-static1.nykaa.com/nykdesignstudio-images/pub/media/catalog/product/5/3/5324c8eNike-FQ1833-200_1.jpg?rnd=20200526195200&tr=w-512,8495,8495
Nike Air Max Alpha Trainer 6,https://www.nike.in/nike-air-max-alpha-trainer-6-men-s-workout-shoes/p/24933575,https://adn-static1.nykaa.com/nykdesignstudio-images/pub/media/catalog/product/5/3/5324c8eNike-FQ1833-402_1.jpg?rnd=20200526195200&tr=w-512,8495,8495
Nike Promina,https://www.nike.in/nike-promina-men-s-walking-shoes/p/24933576,https://adn-static1.nykaa.com/nykdesignstudio-images/pub/media/catalog/product/5/3/5324c8eNike-FV5285-009_1.jpg?rnd=20200526195200&tr=w-512,4995,4995
Nike Promina,https://www.nike.in/nike-promina-men-s-walking-shoes/p/24933577,https://adn-static1.nykaa.com/nykdesignstudio-images/pub/media/catalog/product/5/3/5324c8eNike-FV5285-101_1.jpg?rnd=20200526195200&tr=w-512,4995,4995
Nike Promina,https://www.nike.in/nike-promina-men-s-walking-shoes/p/24933578,https://adn-static1.nykaa.com/nykdesignstudio-images/pub/media/catalog/product/5/3/5324c8eNike-FV5285-402_1.jpg?rnd=20200526195200&tr=w-512,4995,4995
Nike Calm,https://www.nike.in/nike-calm-men-s-mules/p/24934585,https://adn-static1.nykaa.com/nykdesignstudio-images/pub/media/catalog/product/5/3/5324c8eNike-FD5130-007_1.jpg?rnd=20200526195200&tr=w-512,5695,5695
Nike Calm,https://www.nike.in/nike-calm-men-s-mules/p/24934586,https://adn-static1.nykaa.com/nykdesignstudio-images/pub/media/catalog/product/5/3/5324c8eNike-FD5130-301_1.jpg?rnd=20200526195200&tr=w-512,5695,5695
Nike Free Metcon 6,https://www.nike.in/nike-free-metcon-6-men-s-workout-shoes/p/24935579,https://adn-static1.nykaa.com/nykdesignstudio-images/pub/media/catalog/product/5/3/5324c8eNike-HM3754-600_1.jpg?rnd=20200526195200&tr=w-512,10795,10795
Jordan Flight Court,https://www.nike.in/nike-jordan-flight-court-men-s-shoes/p/24935580,https://adn-static1.nykaa.com/nykdesignstudio-images/pub/media/catalog/product/5/3/5324c8eNike-HF3255-100_1.jpg?rnd=20200526195200&tr=w-512,8695,8695
Jordan Flight Court,https://www.nike.in/nike-jordan-flight-court-men-s-shoes/p/24935581,https://adn-static1.nykaa.com/nykdesignstudio-images/pub/media/catalog/product/5/3/5324c8eNike-HF3255-401_1.jpg?rnd=20200526195200&tr=w-512,8695,8695
Nike Court Vision Low,https://www.nike.in/nike-court-vision-low-men-s-shoes/p/24935586,https://adn-static1.nykaa.com/nykdesignstudio-images/pub/media/catalog/product/5/3/5324c8eNike-HV2530-100_1.jpg?rnd=20200526195200&tr=w-512,6495,6495
Air Jordan 1 Mid SE,https://www.nike.in/nike-air-jordan-1-mid-se-men-s-shoes/p/24935593,https://adn-static1.nykaa.com/nykdesignstudio-images/pub/media/catalog/product/5/3/5324c8eNike-IB7110-100_1.jpg?rnd=20200526195200&tr=w-512,12295,12295
Nike Air Max Invigor,https://www.nike.in/nike-air-max-invigor-men-s-shoes/p/24935595,https://adn-static1.nykaa.com/nykdesignstudio-images/pub/media/catalog/product/5/3/5324c8eNike-749680-005_1.jpg?rnd=20200526195200&tr=w-512,7495,7495
Nike Air Max Invigor,https://www.nike.in/nike-air-max-invigor-men-s-shoes/p/24935596,https://adn-static1.nykaa.com/nykdesignstudio-images/pub/media/catalog/product/5/3/5324c8eNike-749680-007_1.jpg?rnd=20200526195200&tr=w-512,7495,7495
Nike Air Max Invigor,https://www.nike.in/nike-air-max-invigor-men-s-shoes/p/24935597,https://adn-static1.nykaa.com/nykdesignstudio-images/pub/media/catalog/product/5/3/5324c8eNike-749680-103_1.jpg?rnd=20200526195200&tr=w-512,7495,7495
Nike V5 RNR,https://www.nike.in/nike-v5-rnr-men-s-shoes/p/24935602,https://adn-static1.nykaa.com/nykdesignstudio-images/pub/media/catalog/product/5/3/5324c8eNike-HJ5228-010_1.jpg?rnd=20200526195200&tr=w-512,7995,7995
Nike V5 RNR,https://www.nike.in/nike-v5-rnr-men-s-shoes/p/24935603,https://adn-static1.nykaa.com/nykdesignstudio-images/pub/media/catalog/product/5/3/5324c8eNike-HJ5228-104_1.jpg?rnd=20200526195200&tr=w-512,7995,7995
Nike Revolution 8,https://www.nike.in/nike-revolution-8-men-s-road-running-shoes/p/24935604,https://adn-static1.nykaa.com/nykdesignstudio-images/pub/media/catalog/product/5/3/5324c8eNike-HJ9198-303_1.jpg?rnd=20200526195200&tr=w-512,4295,4295
Nike Metro Tek,https://www.nike.in/nike-metro-tek-men-s-shoes/p/24935606,https://adn-static1.nykaa.com/nykdesignstudio-images/pub/media/catalog/product/5/3/5324c8eNike-HM9493-200_1.jpg?rnd=20200526195200&tr=w-512,6495,6495
Nike Metro Tek,https://www.nike.in/nike-metro-tek-men-s-shoes/p/24935607,https://adn-static1.nykaa.com/nykdesignstudio-images/pub/media/catalog/product/5/3/5324c8eNike-HM9493-402_1.jpg?rnd=20200526195200&tr=w-512,6495,6495
Nike Air Max 90 Premium,https://www.nike.in/nike-air-max-90-premium-men-s-shoes-with-reflective-design-accents/p/24935608,https://adn-static1.nykaa.com/nykdesignstudio-images/pub/media/catalog/product/5/3/5324c8eNike-HV4517-003_1.jpg?rnd=20200526195200&tr=w-512,12795,12795
Nike Air Max 90 Premium,https://www.nike.in/nike-air-max-90-premium-men-s-shoes-with-reflective-design-accents/p/24935609,https://adn-static1.nykaa.com/nykdesignstudio-images/pub/media/catalog/product/5/3/5324c8eNike-HV4517-100_1.jpg?rnd=20200526195200&tr=w-512,12795,12795
Nike Uplift SC,https://www.nike.in/nike-uplift-sc-men-s-shoes/p/24935610,https://adn-static1.nykaa.com/nykdesignstudio-images/pub/media/catalog/product/5/3/5324c8eNike-IB2765-009_1.jpg?rnd=20200526195200&tr=w-512,4495,4495
Nike Uplift SC,https://www.nike.in/nike-uplift-sc-men-s-shoes/p/24935611,https://adn-static1.nykaa.com/nykdesignstudio-images/pub/media/catalog/product/5/3/5324c8eNike-IB2765-011_1.jpg?rnd=20200526195200&tr=w-512,4495,4495
Nike Uplift SC,https://www.nike.in/nike-uplift-sc-men-s-shoes/p/24935612,https://adn-static1.nykaa.com/nykdesignstudio-images/pub/media/catalog/product/5/3/5324c8eNike-IB2765-103_1.jpg?rnd=20200526195200&tr=w-512,4495,4495
Nike Court Vision Low,https://www.nike.in/nike-court-vision-low-men-s-shoes/p/24935614,https://adn-static1.nykaa.com/nykdesignstudio-images/pub/media/catalog/product/5/3/5324c8eNike-IM0459-103_1.jpg?rnd=20200526195200&tr=w-512,6495,6495
Nike Calm,https://www.nike.in/nike-calm-men-s-mules/p/24935620,https://adn-static1.nykaa.com/nykdesignstudio-images/pub/media/catalog/product/5/3/5324c8eNike-FD5130-001_1.jpg?rnd=20200526195200&tr=w-512,5695,5695
Nike Air Max Bia,https://www.nike.in/nike-air-max-bia-men-s-shoes/p/24942521,https://adn-static1.nykaa.com/nykdesignstudio-images/pub/media/catalog/product/5/3/5324c8eNike-IO9416-100_1.jpg?rnd=20200526195200&tr=w-512,7995,7995
Nike Air Max Bia,https://www.nike.in/nike-air-max-bia-men-s-shoes/p/24942522,https://adn-static1.nykaa.com/nykdesignstudio-images/pub/media/catalog/product/5/3/5324c8eNike-IO9416-400_1.jpg?rnd=20200526195200&tr=w-512,7995,7995
Nike P-6000,https://www.nike.in/nike-p-6000-men-s-shoes/p/24942526,https://adn-static1.nykaa.com/nykdesignstudio-images/pub/media/catalog/product/5/3/5324c8eNike-IO8711-101_1.jpg?rnd=20200526195200&tr=w-512,9695,9695
Nike Air Max Moto 2K,https://www.nike.in/nike-air-max-moto-2k-men-s-shoes/p/24942527,https://adn-static1.nykaa.com/nykdesignstudio-images/pub/media/catalog/product/5/3/5324c8eNike-IO9279-006_1.jpg?rnd=20200526195200&tr=w-512,11495,11495
Air Force 1 '07 LV8,https://www.nike.in/nike-air-force-1-07-lv8-men-s-shoes/p/24942528,https://adn-static1.nykaa.com/nykdesignstudio-images/pub/media/catalog/product/5/3/5324c8eNike-IU2363-200_1.jpg?rnd=20200526195200&tr=w-512,10795,10795
Nike Run Defy,https://www.nike.in/nike-run-defy-men-s-road-running-shoes/p/24942533,https://adn-static1.nykaa.com/nykdesignstudio-images/pub/media/catalog/product/5/3/5324c8eNike-HM9594-002_1.jpg?rnd=20200526195200&tr=w-512,3995,3995
Nike Run Defy,https://www.nike.in/nike-run-defy-men-s-road-running-shoes/p/24942534,https://adn-static1.nykaa.com/nykdesignstudio-images/pub/media/catalog/product/5/3/5324c8eNike-HM9594-004_1.jpg?rnd=20200526195200&tr=w-512,3995,3995
Nike Run Defy,https://www.nike.in/nike-run-defy-men-s-road-running-shoes/p/24942535,https://adn-static1.nykaa.com/nykdesignstudio-images/pub/media/catalog/product/5/3/5324c8eNike-HM9594-100_1.jpg?rnd=20200526195200&tr=w-512,3995,3995
Nike Court Shot,https://www.nike.in/nike-court-shot-men-s-shoes/p/24942536,https://adn-static1.nykaa.com/nykdesignstudio-images/pub/media/catalog/product/5/3/5324c8eNike-FQ8146-111_1.jpg?rnd=20200526195200&tr=w-512,6295,6295
Nike Court Shot,https://www.nike.in/nike-court-shot-men-s-shoes/p/24942537,https://adn-static1.nykaa.com/nykdesignstudio-images/pub/media/catalog/product/5/3/5324c8eNike-FQ8146-112_1.jpg?rnd=20200526195200&tr=w-512,6295,6295
Nike Court Vision Low,https://www.nike.in/nike-court-vision-low-men-s-shoes/p/24942540,https://adn-static1.nykaa.com/nykdesignstudio-images/pub/media/catalog/product/5/3/5324c8eNike-HV0927-097_1.jpg?rnd=20200526195200&tr=w-512,7095,7095
LeBron Witness IX EP,https://www.nike.in/nike-lebron-witness-ix-ep-basketball-shoes/p/24942541,https://adn-static1.nykaa.com/nykdesignstudio-images/pub/media/catalog/product/5/3/5324c8eNike-HQ8035-700_1.jpg?rnd=20200526195200&tr=w-512,8695,8695
Nike Journey Run,https://www.nike.in/nike-journey-run-men-s-road-running-shoes/p/24942542,https://adn-static1.nykaa.com/nykdesignstudio-images/pub/media/catalog/product/5/3/5324c8eNike-FN0228-109_1.jpg?rnd=20200526195200&tr=w-512,8495,8495
Nike Quest 6,https://www.nike.in/nike-quest-6-men-s-road-running-shoes/p/24942544,https://adn-static1.nykaa.com/nykdesignstudio-images/pub/media/catalog/product/5/3/5324c8eNike-FD6033-003_1.jpg?rnd=20200526195200&tr=w-512,7095,7095
Nike Air Max Excee,https://www.nike.in/nike-air-max-excee-men-s-shoes/p/24942545,https://adn-static1.nykaa.com/nykdesignstudio-images/pub/media/catalog/product/5/3/5324c8eNike-FZ5486-102_1.jpg?rnd=20200526195200&tr=w-512,8695,8695
Nike Pacific,https://www.nike.in/nike-pacific-men-s-shoes/p/24942546,https://adn-static1.nykaa.com/nykdesignstudio-images/pub/media/catalog/product/5/3/5324c8eNike-HQ2052-600_1.jpg?rnd=20200526195200&tr=w-512,6295,6295
Nike Structure 26,https://www.nike.in/nike-structure-26-men-s-road-running-shoes/p/24942547,https://adn-static1.nykaa.com/nykdesignstudio-images/pub/media/catalog/product/5/3/5324c8eNike-HJ1102-002_1.jpg?rnd=20200526195200&tr=w-512,11895,11895
Nike Court Vision Low,https://www.nike.in/nike-court-vision-low-men-s-shoes/p/24942556,https://adn-static1.nykaa.com/nykdesignstudio-images/pub/media/catalog/product/5/3/5324c8eNike-HQ4867-100_1.jpg?rnd=20200526195200&tr=w-512,7095,7095
Nike Court Vision Low,https://www.nike.in/nike-court-vision-low-men-s-shoes/p/24942557,https://adn-static1.nykaa.com/nykdesignstudio-images/pub/media/catalog/product/5/3/5324c8eNike-HV8139-003_1.jpg?rnd=20200526195200&tr=w-512,7995,7995
Nike Court Vision Low,https://www.nike.in/nike-court-vision-low-men-s-shoes/p/24942558,https://adn-static1.nykaa.com/nykdesignstudio-images/pub/media/catalog/product/5/3/5324c8eNike-HV8139-200_1.jpg?rnd=20200526195200&tr=w-512,7995,7995
Nike Court Vision Low,https://www.nike.in/nike-court-vision-low-men-s-shoes/p/24942559,https://adn-static1.nykaa.com/nykdesignstudio-images/pub/media/catalog/product/5/3/5324c8eNike-IM0459-104_1.jpg?rnd=20200526195200&tr=w-512,6495,6495
Nike Precision 8 MID,https://www.nike.in/nike-precision-8-mid-men-s-basketball-shoes/p/24942560,https://adn-static1.nykaa.com/nykdesignstudio-images/pub/media/catalog/product/d/6/d61eea9Nike-IH1105-002_1.jpg?rnd=20200526195200&tr=w-512,6295,6295
Nike Precision 8 MID,https://www.nike.in/nike-precision-8-mid-men-s-basketball-shoes/p/24942561,https://adn-static1.nykaa.com/nykdesignstudio-images/pub/media/catalog/product/5/3/5324c8eNike-IH1105-003_1.jpg?rnd=20200526195200&tr=w-512,6295,6295
Nike Metro Tek,https://www.nike.in/nike-metro-tek-men-s-shoes/p/24942562,https://adn-static1.nykaa.com/nykdesignstudio-images/pub/media/catalog/product/5/3/5324c8eNike-HM9493-105_1.jpg?rnd=20200526195200&tr=w-512,6495,6495
Nike Metro Tek,https://www.nike.in/nike-metro-tek-men-s-shoes/p/24942563,https://adn-static1.nykaa.com/nykdesignstudio-images/pub/media/catalog/product/5/3/5324c8eNike-HM9493-300_1.jpg?rnd=20200526195200&tr=w-512,6495,6495
Nike Metro Tek,https://www.nike.in/nike-metro-tek-men-s-shoes/p/24942564,https://adn-static1.nykaa.com/nykdesignstudio-images/pub/media/catalog/product/9/f/9fe448dNike-HM9493-700_1.jpg?rnd=20200526195200&tr=w-512,6495,6495
Nike Air Max Invigor,https://www.nike.in/nike-air-max-invigor-men-s-shoes/p/24942567,https://adn-static1.nykaa.com/nykdesignstudio-images/pub/media/catalog/product/5/3/5324c8eNike-CD1515-004_1.jpg?rnd=20200526195200&tr=w-512,8695,8695
Nike Air Max Invigor,https://www.nike.in/nike-air-max-invigor-men-s-shoes/p/24942568,https://adn-static1.nykaa.com/nykdesignstudio-images/pub/media/catalog/product/5/3/5324c8eNike-CK0898-400_1.jpg?rnd=20200526195200&tr=w-512,8695,8695
Nike Killshot 2,https://www.nike.in/nike-killshot-2-men-s-shoes/p/24942570,https://adn-static1.nykaa.com/nykdesignstudio-images/pub/media/catalog/product/5/3/5324c8eNike-FQ8903-403_1.jpg?rnd=20200526195200&tr=w-512,8595,8595
Air Jordan 1 Low SE,https://www.nike.in/nike-air-jordan-1-low-se-men-s-shoes/p/24946374,https://adn-static1.nykaa.com/nykdesignstudio-images/pub/media/catalog/product/5/3/5324c8eNike-IB7109-004_1.jpg?rnd=20200526195200&tr=w-512,11495,11495
Air Jordan 1 Low SE,https://www.nike.in/nike-air-jordan-1-low-se-men-s-shoes/p/24946568,https://adn-static1.nykaa.com/nykdesignstudio-images/pub/media/catalog/product/5/3/5324c8eNike-IR0842-010_1.jpg?rnd=20200526195200&tr=w-512,11495,11495
Nike Air Force 1 '07 Premium,https://www.nike.in/nike-air-force-1-07-premium-men-s-shoes/p/24946570,https://adn-static1.nykaa.com/nykdesignstudio-images/pub/media/catalog/product/5/3/5324c8eNike-IQ3370-325_1.jpg?rnd=20200526195200&tr=w-512,11895,11895
Nike Air Force 1 '07 Premium,https://www.nike.in/nike-air-force-1-07-premium-men-s-shoes/p/24946571,https://adn-static1.nykaa.com/nykdesignstudio-images/pub/media/catalog/product/5/3/5324c8eNike-IQ3408-286_1.jpg?rnd=20200526195200&tr=w-512,11895,11895
Air Jordan 1 Low SE,https://www.nike.in/nike-air-jordan-1-low-se-men-s-shoes/p/24946572,https://adn-static1.nykaa.com/nykdesignstudio-images/pub/media/catalog/product/5/3/5324c8eNike-IO7448-400_1.jpg?rnd=20200526195200&tr=w-512,11495,11495
Nike Air Force 1 '07,https://www.nike.in/nike-air-force-1-07-men-s-shoes/p/24948345,https://adn-static1.nykaa.com/nykdesignstudio-images/pub/media/catalog/product/5/3/5324c8eNike-CW2288-001_1.jpg?rnd=20200526195200&tr=w-512,7495,7495
Nike Zoom Vomero 5,https://www.nike.in/nike-zoom-vomero-5-men-s-shoes/p/24948347,https://adn-static1.nykaa.com/nykdesignstudio-images/pub/media/catalog/product/5/3/5324c8eNike-BV1358-003_1.jpg?rnd=20200526195200&tr=w-512,14995,14995
Nike Dunk Low Retro,https://www.nike.in/nike-dunk-low-retro-men-s-shoes/p/24948348,https://adn-static1.nykaa.com/nykdesignstudio-images/pub/media/catalog/product/5/3/5324c8eNike-HF5441-100_1.jpg?rnd=20200526195200&tr=w-512,8295,8295
Nike Dunk Low Retro,https://www.nike.in/nike-dunk-low-retro-men-s-shoes/p/24948349,https://adn-static1.nykaa.com/nykdesignstudio-images/pub/media/catalog/product/5/3/5324c8eNike-HF5441-105_1.jpg?rnd=20200526195200&tr=w-512,8295,8295
Nike Dunk Low Retro,https://www.nike.in/nike-dunk-low-retro-men-s-shoes/p/24948353,https://adn-static1.nykaa.com/nykdesignstudio-images/pub/media/catalog/product/5/3/5324c8eNike-HF5441-007_1.jpg?rnd=20200526195200&tr=w-512,8295,8295
Nike Dunk Low Retro,https://www.nike.in/nike-dunk-low-retro-men-s-shoes/p/24948354,https://adn-static1.nykaa.com/nykdesignstudio-images/pub/media/catalog/product/5/3/5324c8eNike-HF5441-117_1.jpg?rnd=20200526195200&tr=w-512,8295,8295
Nike Zoom Vomero 5,https://www.nike.in/nike-zoom-vomero-5-men-s-shoes/p/24948355,https://adn-static1.nykaa.com/nykdesignstudio-images/pub/media/catalog/product/5/3/5324c8eNike-BV1358-001_1.jpg?rnd=20200526195200&tr=w-512,14995,14995
Nike Air Max 90,https://www.nike.in/nike-air-max-90-men-s-shoe/p/24948356,https://adn-static1.nykaa.com/nykdesignstudio-images/pub/media/catalog/product/5/3/5324c8eNike-CN8490-002_1.jpg?rnd=20200526195200&tr=w-512,9995,9995
Nike Air Force 1 '07,https://www.nike.in/nike-air-force-1-07-men-s-shoes/p/24948360,https://adn-static1.nykaa.com/nykdesignstudio-images/pub/media/catalog/product/5/3/5324c8eNike-FZ0627-010_1.jpg?rnd=20200526195200&tr=w-512,9695,9695
Nike SB Zoom Blazer Low Pro GT,https://www.nike.in/nike-sb-zoom-blazer-low-pro-gt-skate-shoes/p/24948362,https://adn-static1.nykaa.com/nykdesignstudio-images/pub/media/catalog/product/5/3/5324c8eNike-DC7695-004_1.jpg?rnd=20200526195200&tr=w-512,6795,6795
Nike SB Zoom Blazer Low Pro GT,https://www.nike.in/nike-sb-zoom-blazer-low-pro-gt-skate-shoes/p/24948363,https://adn-static1.nykaa.com/nykdesignstudio-images/pub/media/catalog/product/5/3/5324c8eNike-DC7695-100_1.jpg?rnd=20200526195200&tr=w-512,6795,6795
Nike Air Force 1 '07,https://www.nike.in/nike-air-force-1-07-men-s-shoes/p/24948364,https://adn-static1.nykaa.com/nykdesignstudio-images/pub/media/catalog/product/5/3/5324c8eNike-FD9763-101_1.jpg?rnd=20200526195200&tr=w-512,11895,11895
Nike Air Max 270,https://www.nike.in/nike-air-max-270-men-s-shoes/p/24948365,https://adn-static1.nykaa.com/nykdesignstudio-images/pub/media/catalog/product/5/3/5324c8eNike-AH8050-002_1.jpg?rnd=20200526195200&tr=w-512,13995,13995
Nike Dunk Low Retro,https://www.nike.in/nike-dunk-low-retro-men-s-shoes/p/24948367,https://adn-static1.nykaa.com/nykdesignstudio-images/pub/media/catalog/product/5/3/5324c8eNike-HF5441-115_1.jpg?rnd=20200526195200&tr=w-512,8295,8295
Nike C1TY,https://www.nike.in/nike-c1ty-shoes/p/24948368,https://adn-static1.nykaa.com/nykdesignstudio-images/pub/media/catalog/product/5/3/5324c8eNike-FZ3863-203_1.jpg?rnd=20200526195200&tr=w-512,8695,8695
Nike Killshot 2 Leather,https://www.nike.in/nike-killshot-2-leather-men-s-shoes/p/24948369,https://adn-static1.nykaa.com/nykdesignstudio-images/pub/media/catalog/product/5/3/5324c8eNike-432997-070_1.jpg?rnd=20200526195200&tr=w-512,7995,7995
Nike Killshot 2 Leather,https://www.nike.in/nike-killshot-2-leather-men-s-shoes/p/24948370,https://adn-static1.nykaa.com/nykdesignstudio-images/pub/media/catalog/product/5/3/5324c8eNike-432997-107_1.jpg?rnd=20200526195200&tr=w-512,7995,7995
Nike Air Force 1 '07,https://www.nike.in/nike-air-force-1-07-men-s-shoe/p/24948371,https://adn-static1.nykaa.com/nykdesignstudio-images/pub/media/catalog/product/5/3/5324c8eNike-DJ2739-100_1.jpg?rnd=20200526195200&tr=w-512,8695,8695
Nike Winflo 11,https://www.nike.in/nike-winflo-11-men-s-road-running-shoes/p/24948373,https://adn-static1.nykaa.com/nykdesignstudio-images/pub/media/catalog/product/5/3/5324c8eNike-FJ9509-001_1.jpg?rnd=20200526195200&tr=w-512,8695,8695
Nike Winflo 11,https://www.nike.in/nike-winflo-11-men-s-road-running-shoes/p/24948374,https://adn-static1.nykaa.com/nykdesignstudio-images/pub/media/catalog/product/5/3/5324c8eNike-FJ9509-002_1.jpg?rnd=20200526195200&tr=w-512,8695,8695
Nike C1TY,https://www.nike.in/nike-c1ty-shoes/p/24948375,https://adn-static1.nykaa.com/nykdesignstudio-images/pub/media/catalog/product/d/6/d61eea9Nike-FZ3863-018_1.jpg?rnd=20200526195200&tr=w-512,8695,8695
Nike Victori One,https://www.nike.in/nike-victori-one-men-s-slides/p/24948379,https://adn-static1.nykaa.com/nykdesignstudio-images/pub/media/catalog/product/5/3/5324c8eNike-CN9675-002_1.jpg?rnd=20200526195200&tr=w-512,2095,2095
Nike Victori One,https://www.nike.in/nike-victori-one-men-s-slides/p/24948381,https://adn-static1.nykaa.com/nykdesignstudio-images/pub/media/catalog/product/5/3/5324c8eNike-CN9675-005_1.jpg?rnd=20200526195200&tr=w-512,2095,2095
Nike Victori One,https://www.nike.in/nike-victori-one-men-s-slides/p/24948383,https://adn-static1.nykaa.com/nykdesignstudio-images/pub/media/catalog/product/5/3/5324c8eNike-CN9675-600_1.jpg?rnd=20200526195200&tr=w-512,2095,2095
Nike Structure 26,https://www.nike.in/nike-structure-26-men-s-road-running-shoes/p/24962346,https://adn-static1.nykaa.com/nykdesignstudio-images/pub/media/catalog/product/5/3/5324c8eNike-HJ1102-103_1.jpg?rnd=20200526195200&tr=w-512,11895,11895
Nike Pegasus 41,https://www.nike.in/nike-pegasus-41-men-s-road-running-shoes/p/24935613,https://adn-static1.nykaa.com/nykdesignstudio-images/pub/media/catalog/product/5/3/5324c8eNike-IF4452-001_1.jpg?rnd=20200526195200&tr=w-512,9597,12795
Air Jordan 5 Retro,https://www.nike.in/nike-air-jordan-5-retro-men-s-shoes/p/24835743,https://adn-static1.nykaa.com/nykdesignstudio-images/pub/media/catalog/product/9/f/9fe448dNike-DD0587-002_1.jpg?rnd=20200526195200&tr=w-512,19295,19295
Nike Free Metcon 6,https://www.nike.in/nike-free-metcon-6-men-s-workout-shoes/p/24789615,https://adn-static1.nykaa.com/nykdesignstudio-images/pub/media/catalog/product/5/3/5324c8eNike-FJ7127-001_1.jpg?rnd=20200526195200&tr=w-512,10795,10795
Nike M2K Tekno,https://www.nike.in/nike-m2k-tekno-men-s-shoe/p/24815174,https://adn-static1.nykaa.com/nykdesignstudio-images/pub/media/catalog/product/5/3/5324c8eNike-CI2969-001_1.jpg?rnd=20200526195200&tr=w-512,8695,8695
Air Jordan 1 Low SE Craft,https://www.nike.in/nike-air-jordan-1-low-se-craft-men-s-shoes/p/24789632,https://adn-static1.nykaa.com/nykdesignstudio-images/pub/media/catalog/product/5/3/5324c8eNike-FD8635-001_1.jpg?rnd=20200526195200&tr=w-512,11495,11495
Nike Pegasus Premium,https://www.nike.in/nike-pegasus-premium-men-s-road-running-shoes/p/24787236,https://adn-static1.nykaa.com/nykdesignstudio-images/pub/media/catalog/product/5/3/5324c8eNike-IQ0307-094_1.jpg?rnd=20200526195200&tr=w-512,19695,19695
Nike Vomero Plus,https://www.nike.in/nike-vomero-plus-men-s-road-running-shoes/p/24787239,https://adn-static1.nykaa.com/nykdesignstudio-images/pub/media/catalog/product/9/f/9fe448dNike-IO4482-002_1.jpg?rnd=20200526195200&tr=w-512,15295,15295
Nike Air Max 90 Premium,https://www.nike.in/nike-air-max-90-premium-men-s-shoes/p/24787251,https://adn-static1.nykaa.com/nykdesignstudio-images/pub/media/catalog/product/5/3/5324c8eNike-IQ0283-281_1.jpg?rnd=20200526195200&tr=w-512,14995,14995
Nike Vomero 18 SE,https://www.nike.in/nike-vomero-18-se/p/24787253,https://adn-static1.nykaa.com/nykdesignstudio-images/pub/media/catalog/product/9/f/9fe448dNike-IQ3413-704_1.jpg?rnd=20200526195200&tr=w-512,14195,14195
Nike Court Vision Low,https://www.nike.in/nike-court-vision-low-men-s-shoes/p/24789612,https://adn-static1.nykaa.com/nykdesignstudio-images/pub/media/catalog/product/5/3/5324c8eNike-HF1068-133_1.jpg?rnd=20200526195200&tr=w-512,5695,5695
Nike Pacific,https://www.nike.in/nike-pacific-men-s-shoes/p/24789618,https://adn-static1.nykaa.com/nykdesignstudio-images/pub/media/catalog/product/5/3/5324c8eNike-HQ2052-001_1.jpg?rnd=20200526195200&tr=w-512,6295,6295
Nike Structure 26,https://www.nike.in/nike-structure-26-men-s-road-running-shoes/p/24789619,https://adn-static1.nykaa.com/nykdesignstudio-images/pub/media/catalog/product/5/3/5324c8eNike-HJ1102-001_1.jpg?rnd=20200526195200&tr=w-512,11895,11895
Nike SB Vertebrae,https://www.nike.in/nike-sb-vertebrae-men-s-shoes/p/24789631,https://adn-static1.nykaa.com/nykdesignstudio-images/pub/media/catalog/product/5/3/5324c8eNike-FD4691-001_1.jpg?rnd=20200526195200&tr=w-512,7495,7495
Nike Downshifter 13,https://www.nike.in/nike-downshifter-13-men-s-road-running-shoes/p/24789634,https://adn-static1.nykaa.com/nykdesignstudio-images/pub/media/catalog/product/5/3/5324c8eNike-FD6454-003_1.jpg?rnd=20200526195200&tr=w-512,4295,4295
Nike Promina,https://www.nike.in/nike-promina-men-s-walking-shoes-extra-wide/p/24789636,https://adn-static1.nykaa.com/nykdesignstudio-images/pub/media/catalog/product/5/3/5324c8eNike-HQ8477-002_1.jpg?rnd=20200526195200&tr=w-512,4995,4995
Nike P-6000,https://www.nike.in/nike-p-6000-shoes/p/24789640,https://adn-static1.nykaa.com/nykdesignstudio-images/pub/media/catalog/product/5/3/5324c8eNike-CD6404-030_1.jpg?rnd=20200526195200&tr=w-512,7995,7995
Air Jordan 1 Retro Low 'Medium Olive and Summit White',https://www.nike.in/nike-air-jordan-1-retro-low-men-s-shoes/p/24800690,https://adn-static1.nykaa.com/nykdesignstudio-images/pub/media/catalog/product/3/0/30a2302Nike-HQ6998-200_1.jpg?rnd=20200526195200&tr=w-512,12795,12795
Nike Blazer Mid '77 Vintage,https://www.nike.in/nike-blazer-mid-77-vintage-men-s-shoes/p/24800694,https://adn-static1.nykaa.com/nykdesignstudio-images/pub/media/catalog/product/5/3/5324c8eNike-BQ6806-100_1.jpg?rnd=20200526195200&tr=w-512,7995,7995
Nike Initiator,https://www.nike.in/nike-initiator-men-s-shoes/p/24800703,https://adn-static1.nykaa.com/nykdesignstudio-images/pub/media/catalog/product/5/3/5324c8eNike-394055-101_1.jpg?rnd=20200526195200&tr=w-512,7495,7495
Nike Revolution 8,https://www.nike.in/nike-revolution-8-men-s-road-running-shoes/p/24815163,https://adn-static1.nykaa.com/nykdesignstudio-images/pub/media/catalog/product/5/3/5324c8eNike-HJ9198-005_1.jpg?rnd=20200526195200&tr=w-512,4295,4295
Nike Air Max Excee,https://www.nike.in/nike-air-max-excee-men-s-shoes/p/24815179,https://adn-static1.nykaa.com/nykdesignstudio-images/pub/media/catalog/product/5/3/5324c8eNike-FZ5486-100_1.jpg?rnd=20200526195200&tr=w-512,8695,8695
Nike P-6000 Suede,https://www.nike.in/nike-p-6000-suede-men-s-shoes/p/24815180,https://adn-static1.nykaa.com/nykdesignstudio-images/pub/media/catalog/product/5/3/5324c8eNike-HF0015-205_1.jpg?rnd=20200526195200&tr=w-512,9695,9695
Nike Pacific,https://www.nike.in/nike-pacific-men-s-shoes/p/24815182,https://adn-static1.nykaa.com/nykdesignstudio-images/pub/media/catalog/product/5/3/5324c8eNike-HQ2052-100_1.jpg?rnd=20200526195200&tr=w-512,6295,6295
Air Max 90 Premium,https://www.nike.in/nike-air-max-90-premium-men-s-shoes/p/24815183,https://adn-static1.nykaa.com/nykdesignstudio-images/pub/media/catalog/product/5/3/5324c8eNike-IQ0612-226_1.jpg?rnd=20200526195200&tr=w-512,13995,13995
Nike Court Borough Low Premium,https://www.nike.in/nike-court-borough-low-prem/p/24815189,https://adn-static1.nykaa.com/nykdesignstudio-images/pub/media/catalog/product/5/3/5324c8eNike-FQ6858-108_1.jpg?rnd=20200526195200&tr=w-512,6295,6295
Nike Calm 2.0,https://www.nike.in/nike-calm-2-0-men-s-slides/p/24820892,https://adn-static1.nykaa.com/nykdesignstudio-images/pub/media/catalog/product/2/a/2a47cc1Nike-IB0183-200_2.jpg?rnd=20200526195200&tr=w-512,3895,3895
Nike Ava Rover,https://www.nike.in/nike-ava-rover-shoes-with-reflective-design-accents/p/24821911,https://adn-static1.nykaa.com/nykdesignstudio-images/pub/media/catalog/product/5/3/5324c8eNike-IM9327-200_1.jpg?rnd=20200526195200&tr=w-512,11895,11895
Nike Vomero 18,https://www.nike.in/nike-vomero-18-men-s-road-running-shoes-extra-wide/p/24821912,https://adn-static1.nykaa.com/nykdesignstudio-images/pub/media/catalog/product/5/3/5324c8eNike-IF0514-002_1.jpg?rnd=20200526195200&tr=w-512,13295,13295
Nike Vomero 18,https://www.nike.in/nike-vomero-18-men-s-road-running-shoes/p/24821913,https://adn-static1.nykaa.com/nykdesignstudio-images/pub/media/catalog/product/5/3/5324c8eNike-IF4456-001_1.jpg?rnd=20200526195200&tr=w-512,14195,14195
Nike Uplift SC,https://www.nike.in/nike-uplift-sc-men-s-shoes/p/24821915,https://adn-static1.nykaa.com/nykdesignstudio-images/pub/media/catalog/product/5/3/5324c8eNike-IB2765-001_1.jpg?rnd=20200526195200&tr=w-512,4495,4495
Nike,https://www.nike.in/nike-air-max-tl-2-5-prm/p/24821917,https://adn-static1.nykaa.com/nykdesignstudio-images/pub/media/catalog/product/8/c/8ceba2eNike-IB6610-600_1.jpg?rnd=20200526195200&tr=w-512,17495,17495
Nike Pegasus Trail 5 GORE-TEX,https://www.nike.in/nike-pegasus-trail-5-gore-tex-men-s-waterproof-trail-running-shoes/p/24834269,https://adn-static1.nykaa.com/nykdesignstudio-images/pub/media/catalog/product/5/3/5324c8eNike-FQ0908-014_1.jpg?rnd=20200526195200&tr=w-512,15995,15995
Nike Air Max Cirro,https://www.nike.in/nike-air-max-cirro-men-s-slides/p/24834298,https://adn-static1.nykaa.com/nykdesignstudio-images/pub/media/catalog/product/2/a/2a47cc1Nike-DC1460-305_2.jpg?rnd=20200526195200&tr=w-512,3695,3695
Nike Air Max Plus 3,https://www.nike.in/nike-air-max-plus-3-men-s-shoes/p/24835731,https://adn-static1.nykaa.com/nykdesignstudio-images/pub/media/catalog/product/5/3/5324c8eNike-CW1417-100_1.jpg?rnd=20200526195200&tr=w-512,17495,17495
Nike Air Max Plus VII,https://www.nike.in/nike-air-max-plus-vii-men-s-shoes/p/24839872,https://adn-static1.nykaa.com/nykdesignstudio-images/pub/media/catalog/product/5/3/5324c8eNike-HQ2197-002_1.jpg?rnd=20200526195200&tr=w-512,16995,16995
Nike Air Force 1 '07,https://www.nike.in/nike-air-force-1-07-men-s-shoes/p/24839880,https://adn-static1.nykaa.com/nykdesignstudio-images/pub/media/catalog/product/5/3/5324c8eNike-IQ0293-030_1.jpg?rnd=20200526195200&tr=w-512,11895,11895
Nike Air Max Dn8 SP,https://www.nike.in/nike-air-max-dn8-sp-men-s-shoes/p/24839886,https://adn-static1.nykaa.com/nykdesignstudio-images/pub/media/catalog/product/9/f/9fe448dNike-II7058-200_1.jpg?rnd=20200526195200&tr=w-512,17495,17495
Nike Vomero 18,https://www.nike.in/nike-vomero-18-men-s-road-running-shoes/p/24839887,https://adn-static1.nykaa.com/nykdesignstudio-images/pub/media/catalog/product/5/3/5324c8eNike-HM6803-014_1.jpg?rnd=20200526195200&tr=w-512,13295,13295
Nike Zoom Vomero 5 SE,https://www.nike.in/nike-zoom-vomero-5-se-men-s-shoes/p/24839888,https://adn-static1.nykaa.com/nykdesignstudio-images/pub/media/catalog/product/5/3/5324c8eNike-IB2987-300_1.jpg?rnd=20200526195200&tr=w-512,15995,15995
Air Jordan 1 Mid,https://www.nike.in/nike-air-jordan-1-mid-shoes/p/24839889,https://adn-static1.nykaa.com/nykdesignstudio-images/pub/media/catalog/product/5/3/5324c8eNike-554724-061_1.jpg?rnd=20200526195200&tr=w-512,11495,11495
Air Jordan 1 Low SE,https://www.nike.in/nike-air-jordan-1-low-se/p/24839890,https://adn-static1.nykaa.com/nykdesignstudio-images/pub/media/catalog/product/5/3/5324c8eNike-IQ0400-100_1.jpg?rnd=20200526195200&tr=w-512,11495,11495
Air Jordan 1 Mid SE,https://www.nike.in/nike-air-jordan-1-mid-se/p/24839891,https://adn-static1.nykaa.com/nykdesignstudio-images/pub/media/catalog/product/5/3/5324c8eNike-IQ9387-010_1.jpg?rnd=20200526195200&tr=w-512,12295,12295
Nike Run Defy,https://www.nike.in/nike-run-defy-men-s-road-running-shoes/p/24839901,https://adn-static1.nykaa.com/nykdesignstudio-images/pub/media/catalog/product/5/3/5324c8eNike-HM9594-401_1.jpg?rnd=20200526195200&tr=w-512,3995,3995
Nike Revolution 8 EasyOn,https://www.nike.in/nike-revolution-8-easyon-men-s-road-running-shoes/p/24839903,https://adn-static1.nykaa.com/nykdesignstudio-images/pub/media/catalog/product/5/3/5324c8eNike-HQ2414-004_1.jpg?rnd=20200526195200&tr=w-512,4295,4295
Nike Pegasus Premium,https://www.nike.in/nike-pegasus-premium-men-s-road-running-shoes/p/24839904,https://adn-static1.nykaa.com/nykdesignstudio-images/pub/media/catalog/product/5/3/5324c8eNike-HQ2592-014_1.jpg?rnd=20200526195200&tr=w-512,19295,19295
Nike Air Force 1 '07 LV8,https://www.nike.in/nike-air-force-1-07-lv8-men-s-shoes/p/24839906,https://adn-static1.nykaa.com/nykdesignstudio-images/pub/media/catalog/product/5/3/5324c8eNike-IB6847-100_1.jpg?rnd=20200526195200&tr=w-512,10795,10795
Nike Air Max Dn8,https://www.nike.in/nike-air-max-dn8-men-s-shoes/p/24839907,https://adn-static1.nykaa.com/nykdesignstudio-images/pub/media/catalog/product/5/3/5324c8eNike-IH4119-101_1.jpg?rnd=20200526195200&tr=w-512,17495,17495
Nike Court Vision Low,https://www.nike.in/nike-court-vision-lo-p-nb-men-shoes/p/24839908,https://adn-static1.nykaa.com/nykdesignstudio-images/pub/media/catalog/product/5/3/5324c8eNike-IM0459-105_1.jpg?rnd=20200526195200&tr=w-512,6495,6495
Nike Air Max LTD 3,https://www.nike.in/nike-air-max-ltd-3-men-s-shoe/p/24887827,https://adn-static1.nykaa.com/nykdesignstudio-images/pub/media/catalog/product/5/3/5324c8eNike-687977-114_1.jpg?rnd=20200526195200&tr=w-512,10295,10295
Nike Air Max Cirro,https://www.nike.in/nike-air-max-cirro-men-s-slides/p/24887840,https://adn-static1.nykaa.com/nykdesignstudio-images/pub/media/catalog/product/5/3/5324c8eNike-DC1460-007_1.jpg?rnd=20200526195200&tr=w-512,3695,3695
Nike P-6000,https://www.nike.in/nike-p-6000-shoes/p/24888844,https://adn-static1.nykaa.com/nykdesignstudio-images/pub/media/catalog/product/5/3/5324c8eNike-CD6404-107_1.jpg?rnd=20200526195200&tr=w-512,7995,7995
Nike P-6000 Premium CORDURA,https://www.nike.in/nike-p-6000-premium-cordurar-men-s-shoes/p/24889621,https://adn-static1.nykaa.com/nykdesignstudio-images/pub/media/catalog/product/5/3/5324c8eNike-IH0946-202_1.jpg?rnd=20200526195200&tr=w-512,9695,9695
Nike,https://www.nike.in/nike-vomero-18-wide-men-shoes/p/24902471,https://adn-static1.nykaa.com/nykdesignstudio-images/pub/media/catalog/product/5/3/5324c8eNike-IF0514-120_1.jpg?rnd=20200526195200&tr=w-512,13295,13295
NIKE COMFORT RIDE EASYON,https://www.nike.in/nike-vomero-18-wide-men-shoes/p/24903599,https://adn-static1.nykaa.com/nykdesignstudio-images/pub/media/catalog/product/5/3/5324c8eNike-IF4997-011_1.jpg?rnd=20200526195200&tr=w-512,11895,11895
Nike Structure 26,https://www.nike.in/nike-structure-26-men-s-road-running-shoes/p/24926274,https://adn-static1.nykaa.com/nykdesignstudio-images/pub/media/catalog/product/5/3/5324c8eNike-HJ1102-700_1.jpg?rnd=20200526195200&tr=w-512,11895,11895
Nike Air Max Dn Roam,https://www.nike.in/nike-air-max-dn-roam-men-s-shoes/p/24928855,https://adn-static1.nykaa.com/nykdesignstudio-images/pub/media/catalog/product/5/3/5324c8eNike-HQ8605-001_1.jpg?rnd=20200526195200&tr=w-512,16995,16995
Nike Air Max Dn Roam,https://www.nike.in/nike-air-max-dn-roam-men-s-shoes/p/24928856,https://adn-static1.nykaa.com/nykdesignstudio-images/pub/media/catalog/product/5/3/5324c8eNike-HQ8605-300_1.jpg?rnd=20200526195200&tr=w-512,16995,16995
Nike Air Max Dn8 Leather,https://www.nike.in/nike-air-max-dn8-lthr/p/24928861,https://adn-static1.nykaa.com/nykdesignstudio-images/pub/media/catalog/product/3/0/30a2302Nike-IB6381-001_1.jpg?rnd=20200526195200&tr=w-512,19295,19295
Nike Air Max Dn8 Leather,https://www.nike.in/nike-air-max-dn8-lthr/p/24928862,https://adn-static1.nykaa.com/nykdesignstudio-images/pub/media/catalog/product/3/0/30a2302Nike-IB6381-002_1.jpg?rnd=20200526195200&tr=w-512,19295,19295
Nike Air Max Dn8 Leather,https://www.nike.in/nike-air-max-dn8-lthr/p/24928863,https://adn-static1.nykaa.com/nykdesignstudio-images/pub/media/catalog/product/3/0/30a2302Nike-IB6381-200_1.jpg?rnd=20200526195200&tr=w-512,19295,19295
Nike Terra Manta Suede,https://www.nike.in/nike-terra-manta-suede-men-s-shoes/p/24928865,https://adn-static1.nykaa.com/nykdesignstudio-images/pub/media/catalog/product/5/3/5324c8eNike-IB7254-400_1.jpg?rnd=20200526195200&tr=w-512,7495,7495
Nike Air Force 1 '07,https://www.nike.in/nike-air-force-1-07-men-s-shoes/p/24928866,https://adn-static1.nykaa.com/nykdesignstudio-images/pub/media/catalog/product/5/3/5324c8eNike-IH1698-001_1.jpg?rnd=20200526195200&tr=w-512,9695,9695
Nike Air Force 1 '07,https://www.nike.in/nike-air-force-1-07-men-s-shoes/p/24928867,https://adn-static1.nykaa.com/nykdesignstudio-images/pub/media/catalog/product/5/3/5324c8eNike-IH1698-200_1.jpg?rnd=20200526195200&tr=w-512,9695,9695
Nike V5 RNR,https://www.nike.in/nike-v5-rnr-men-s-shoes/p/24928868,https://adn-static1.nykaa.com/nykdesignstudio-images/pub/media/catalog/product/5/3/5324c8eNike-II6292-004_1.jpg?rnd=20200526195200&tr=w-512,7995,7995
Nike V5 RNR,https://www.nike.in/nike-v5-rnr-men-s-shoes/p/24928869,https://adn-static1.nykaa.com/nykdesignstudio-images/pub/media/catalog/product/5/3/5324c8eNike-II6292-005_1.jpg?rnd=20200526195200&tr=w-512,7995,7995
Nike Air Max TL 2.5,https://www.nike.in/nike-air-max-tl-2-5-men-s-shoes/p/24932928,https://adn-static1.nykaa.com/nykdesignstudio-images/pub/media/catalog/product/5/3/5324c8eNike-FZ4110-012_1.jpg?rnd=20200526195200&tr=w-512,16995,16995
Nike V5 RNR,https://www.nike.in/nike-v5-rnr-men-s-shoes/p/24932938,https://adn-static1.nykaa.com/nykdesignstudio-images/pub/media/catalog/product/5/3/5324c8eNike-HJ5228-009_1.jpg?rnd=20200526195200&tr=w-512,7995,7995
Nike Revolution 8,https://www.nike.in/nike-revolution-8-men-s-road-running-shoes/p/24932942,https://adn-static1.nykaa.com/nykdesignstudio-images/pub/media/catalog/product/5/3/5324c8eNike-HJ9198-002_1.jpg?rnd=20200526195200&tr=w-512,4295,4295
Nike Revolution 8,https://www.nike.in/nike-revolution-8-men-s-road-running-shoes/p/24932944,https://adn-static1.nykaa.com/nykdesignstudio-images/pub/media/catalog/product/5/3/5324c8eNike-HJ9198-003_1.jpg?rnd=20200526195200&tr=w-512,4295,4295
Nike Pegasus Premium,https://www.nike.in/nike-pegasus-premium-men-s-road-running-shoes/p/24932950,https://adn-static1.nykaa.com/nykdesignstudio-images/pub/media/catalog/product/5/3/5324c8eNike-HQ2592-601_1.jpg?rnd=20200526195200&tr=w-512,19295,19295
Nike Pegasus Premium,https://www.nike.in/nike-pegasus-premium-men-s-road-running-shoes/p/24932952,https://adn-static1.nykaa.com/nykdesignstudio-images/pub/media/catalog/product/5/3/5324c8eNike-HQ2592-701_1.jpg?rnd=20200526195200&tr=w-512,19295,19295
Nike Structure Plus,https://www.nike.in/nike-structure-plus-men-s-road-running-shoes/p/24932954,https://adn-static1.nykaa.com/nykdesignstudio-images/pub/media/catalog/product/5/3/5324c8eNike-HQ3048-001_1.jpg?rnd=20200526195200&tr=w-512,14995,14995
Nike Structure Plus,https://www.nike.in/nike-structure-plus-men-s-road-running-shoes/p/24932956,https://adn-static1.nykaa.com/nykdesignstudio-images/pub/media/catalog/product/5/3/5324c8eNike-HQ3048-500_1.jpg?rnd=20200526195200&tr=w-512,14995,14995
Nike Structure Plus,https://www.nike.in/nike-structure-plus-men-s-road-running-shoes/p/24932958,https://adn-static1.nykaa.com/nykdesignstudio-images/pub/media/catalog/product/5/3/5324c8eNike-HQ3048-501_1.jpg?rnd=20200526195200&tr=w-512,14995,14995
Nike Terra Manta,https://www.nike.in/nike-terra-manta-men-s-shoes/p/24932960,https://adn-static1.nykaa.com/nykdesignstudio-images/pub/media/catalog/product/5/3/5324c8eNike-HQ4502-105_1.jpg?rnd=20200526195200&tr=w-512,7495,7495
Nike Terra Manta,https://www.nike.in/nike-terra-manta-men-s-shoes/p/24932962,https://adn-static1.nykaa.com/nykdesignstudio-images/pub/media/catalog/product/5/3/5324c8eNike-HQ4502-106_1.jpg?rnd=20200526195200&tr=w-512,7495,7495
Nike Ava Rover,https://www.nike.in/nike-ava-rover-shoes/p/24933531,https://adn-static1.nykaa.com/nykdesignstudio-images/pub/media/catalog/product/5/3/5324c8eNike-DX4215-009_1.jpg?rnd=20200526195200&tr=w-512,11895,11895
Nike Ava Rover,https://www.nike.in/nike-ava-rover-shoes/p/24933532,https://adn-static1.nykaa.com/nykdesignstudio-images/pub/media/catalog/product/5/3/5324c8eNike-DX4215-010_1.jpg?rnd=20200526195200&tr=w-512,11895,11895
Nike Mind 001,https://www.nike.in/nike-mind-001-men-s-pregame-mules/p/24933533,https://adn-static1.nykaa.com/nykdesignstudio-images/pub/media/catalog/product/8/b/8b9b9f8Nike-HQ4307-600_2.jpg?rnd=20200526195200&tr=w-512,8495,8495
Nike Mind 001,https://www.nike.in/nike-mind-001-men-s-pregame-mules/p/24933534,https://adn-static1.nykaa.com/nykdesignstudio-images/pub/media/catalog/product/8/b/8b9b9f8Nike-HQ4307-003_2.jpg?rnd=20200526195200&tr=w-512,8495,8495
Nike Air Max 95 OG,https://www.nike.in/nike-air-max-95-og-men-s-shoes/p/24933537,https://adn-static1.nykaa.com/nykdesignstudio-images/pub/media/catalog/product/5/3/5324c8eNike-HM4740-001_1.jpg?rnd=20200526195200&tr=w-512,15995,15995
Nike Air Max 95 OG,https://www.nike.in/nike-air-max-95-og-men-s-shoes/p/24933539,https://adn-static1.nykaa.com/nykdesignstudio-images/pub/media/catalog/product/5/3/5324c8eNike-HM4740-008_1.jpg?rnd=20200526195200&tr=w-512,15995,15995
Nike Air Max 95 OG,https://www.nike.in/nike-air-max-95-og-men-s-shoes/p/24933540,https://adn-static1.nykaa.com/nykdesignstudio-images/pub/media/catalog/product/5/3/5324c8eNike-HM4740-102_1.jpg?rnd=20200526195200&tr=w-512,15995,15995
Nike Air Max Plus VII,https://www.nike.in/nike-air-max-plus-vii-men-s-shoes/p/24933541,https://adn-static1.nykaa.com/nykdesignstudio-images/pub/media/catalog/product/5/3/5324c8eNike-HQ2197-001_1.jpg?rnd=20200526195200&tr=w-512,16995,16995
Nike Air Max Plus VII,https://www.nike.in/nike-air-max-plus-vii-men-s-shoes/p/24933542,https://adn-static1.nykaa.com/nykdesignstudio-images/pub/media/catalog/product/5/3/5324c8eNike-HQ2197-600_1.jpg?rnd=20200526195200&tr=w-512,16995,16995
